股票代码,日期,开盘,收盘,最高,最低,成交量,成交额,振幅,涨跌额,换手率,涨跌幅
600000,2024-01-01,10.033829303148211,9.582484561823334,10.097346165416642,9.529770273969852,1775.378976339465,12827.556950426293,2.0,-0.4513447413248777,1.2000852196552847,-4.498230213895149
600000,2024-01-02,9.566516621487127,9.466938194382688,9.574466446601024,9.411994466241335,1125.978100297302,10046.993523143949,2.0,-0.0995784271044382,1.0023894096090258,-1.0409058076664701
600000,2024-01-03,9.423464845552733,9.02453643680107,9.428571691837789,8.942712348762118,1050.5752502309062,19187.724311942613,2.0,-0.39892840875166335,2.3707112649967232,-4.233351694837928
600000,2024-01-04,8.973987878180019,8.411845500346788,9.052265228818099,8.388052428417827,1523.6746771365224,14212.4668915423,2.0,-0.5621423778332311,2.54020327953217,-6.264131236460246
600000,2024-01-05,8.418858496917018,8.518676558681529,8.542874633033337,8.405188376352497,1273.6744373722527,10296.55607322564,2.0,0.0998180617645108,2.7138170999635274,1.1856484082855667
600000,2024-01-08,8.487050574686414,8.541776733491876,8.599087321797963,8.407286834792279,1022.448068430767,17307.34138189882,2.0,0.05472615880546172,1.469232983588173,0.6448195203253348
600000,2024-01-09,8.54544299843447,7.9717427450460985,8.609289151905658,7.955858874680806,1503.213489025934,10273.4556701921,2.0,-0.5737002533883722,1.7882235573155258,-6.71352267510853
600000,2024-01-10,7.904328641210563,8.005806768315777,8.06870402810765,7.882642385748902,1830.9898038697247,18042.089521602047,2.0,0.10147812710521364,2.3990785745413294,1.2838298065713127
600000,2024-01-11,8.090669770154253,7.808142298571411,8.155979892715811,7.743164004685416,1280.9108587339197,11097.822039876257,2.0,-0.2825274715828421,2.549774270408488,-3.4920158603563345
600000,2024-01-12,7.823101718844624,7.701656685344774,7.837038429521397,7.657420371845282,1207.5026031485643,13838.499564079251,2.0,-0.12144503349985047,1.7247934521209163,-1.5523898047664186
600000,2024-01-15,7.734920781873113,8.082342340178466,8.133540913969354,7.719378471297263,1515.1789680012569,19703.771476409278,2.0,0.3474215583053528,1.3484481257108532,4.491598144347386
600000,2024-01-16,8.13065413900613,8.371902415750625,8.449435128793906,8.085788493300631,1425.5464518025635,12213.865290282309,2.0,0.24124827674449456,2.1809445886289756,2.967144741615879
600000,2024-01-17,8.344627000485188,8.050366759495555,8.410333961892198,7.982477561155629,1416.931977293516,16300.672751071295,2.0,-0.2942602409896331,2.2298307702451807,-3.526343849431779
600000,2024-01-18,8.003892875474758,8.41623867552014,8.49309116426135,7.9647718325694115,1706.8134115624218,18155.111714781593,2.0,0.41234580004538124,2.8535116372423524,5.151815578502772
600000,2024-01-19,8.449707176891263,8.691804172827391,8.72384062984117,8.398369356924363,1410.944450368158,18084.004702991217,2.0,0.24209699593612832,2.2432071251854557,2.8651524942571838
600000,2024-01-22,8.630611333884229,8.575073267606335,8.663421853740289,8.511918917043623,1801.6854484654787,13276.229634425248,2.0,-0.055538066277893705,2.877645859294546,-0.6435009540963654
600000,2024-01-23,8.564044931555319,8.497373886481979,8.59468961940123,8.456328534109952,1481.361829880355,15349.659401784058,2.0,-0.0666710450733401,2.2831848942266544,-0.7784994778306409
600000,2024-01-24,8.503475709980242,8.297821902858152,8.550318267929018,8.23153178445149,1535.3715862384884,19246.526685636516,2.0,-0.20565380712208992,1.525366291812894,-2.4184676258993787
600000,2024-01-25,8.17082264832295,8.356212292192227,8.40681918259109,8.143486985022067,1334.906158959057,16440.05735951905,2.0,0.1853896438692768,1.1407211919803508,2.2689226268707285
600000,2024-01-26,8.41902488637686,8.13113592522695,8.498544554565528,8.109663044581135,1111.3386197126829,14126.58389198525,2.0,-0.28788896114991047,1.5772334608658793,-3.4195048124368244
600000,2024-01-29,8.086457152198852,8.331756149113541,8.37384189250025,8.041471973247718,1880.279401349459,15806.47877095874,2.0,0.24529899691468948,1.7246190766241103,3.0334544819542897
600000,2024-01-30,8.263255222022163,7.988693733767968,8.287632975352295,7.927297945458544,1040.2118194622228,10962.893249685552,2.0,-0.2745614882541956,1.6467012418231617,-3.3226795116102603
600000,2024-01-31,7.958008522990083,7.867411970510985,8.037053662380828,7.8017433497230115,1824.50005972383,10304.128186817117,2.0,-0.0905965524790977,1.4483802884454027,-1.1384324635663745
600000,2024-02-01,7.931434186809951,7.565322816053245,7.976444565960021,7.523400065328289,1038.4000954034086,12158.074088801728,2.0,-0.3661113707567063,1.5303137283998594,-4.615954216269646
600000,2024-02-02,7.524259627987429,7.233458717644675,7.579779138381955,7.17085726172998,1778.9226684372459,12407.038144665034,2.0,-0.290800910342754,1.479344421506748,-3.8648441802975997
600000,2024-02-05,7.289800955085105,7.2540250345517565,7.350676764499082,7.250370217079623,1957.3744280972228,16571.040423706618,2.0,-0.03577592053334833,1.8876364832871233,-0.49076676789634455
600000,2024-02-06,7.246894061359698,7.37738616885129,7.40310518248488,7.232179162701002,1763.6137617611737,16307.238747667394,2.0,0.1304921074915919,2.6203051240859043,1.8006625512489993
600000,2024-02-07,7.438675239338318,7.269813095170092,7.498467712085344,7.25831474183946,2023.4924110374295,20026.187036269017,2.0,-0.16886214416822565,1.300081706444442,-2.270056679920951
600000,2024-02-08,7.225141794659806,7.1076561054189655,7.244074500049071,7.056777885957312,1127.3941678284878,13464.903658127358,2.0,-0.11748568924084068,1.8289173235385567,-1.6260675925789614
600000,2024-02-09,7.0914506097000345,7.107052065637074,7.16138233193145,7.04016197140394,1114.752712485325,12461.796792054643,2.0,0.015601455937039432,2.7746443901322175,0.22000373119286376
600000,2024-02-12,7.081222773622412,7.028392110994099,7.120574560469701,7.013642755574321,1766.613938462172,11521.00144909389,2.0,-0.052830662628312375,2.911582137156634,-0.7460669480009452
600000,2024-02-13,7.062491311700016,7.063278267690061,7.118522110269935,7.029362385069683,1597.0686054161501,15171.932689156656,2.0,0.0007869559900450795,1.4640373624566414,0.011142753389892235
600000,2024-02-14,7.082713100737896,7.3698842261170245,7.402811750238453,7.078535961949478,1065.1806636550737,15051.686979298203,2.0,0.28717112537912826,2.5247289049586152,4.054535617844102
600000,2024-02-15,7.3928061136091685,7.32806587456786,7.455259613108158,7.268307331178819,2000.0983705664917,18578.009001297534,2.0,-0.0647402390413081,1.0116447524735377,-0.8757194229959575
600000,2024-02-16,7.279450907056605,7.430920160758605,7.46910660619365,7.247126468579496,1987.2956245838593,12941.717401392007,2.0,0.15146925370200037,2.737197913904753,2.080778559206542
600000,2024-02-19,7.463364383215252,7.647703761984532,7.653610183923759,7.407728879118062,1962.6947024971855,14811.570959049575,2.0,0.18433937876928042,1.4798018356135336,2.4699233389146924
600000,2024-02-20,7.677473742688007,7.82655390336791,7.883906532911356,7.671237639949379,1352.735865645264,19614.3812500846,2.0,0.14908016067990282,2.8413402546635145,1.941786656344946
600000,2024-02-21,7.8076224737225495,7.471650635033246,7.8556718796602505,7.456214322210787,1209.0138345922717,15139.613366703406,2.0,-0.3359718386893036,1.1219978592664825,-4.303126077369335
600000,2024-02-22,7.490645989573833,7.2931730916161275,7.537155866417792,7.292413392302137,1545.6357113593149,16601.508488078318,2.0,-0.19747289795770584,1.4789377581403462,-2.6362599198062053
600000,2024-02-23,7.334323453209131,7.598356899787296,7.6443548071955005,7.289056116737333,1096.1829120776529,19174.77311342123,2.0,0.2640334465781651,1.7751910616568884,3.599970034899913
600000,2024-02-26,7.620590280787944,7.268085461865759,7.67208872006931,7.255654675620013,1848.1644597727636,12167.51204931746,2.0,-0.3525048189221849,2.7664424597111807,-4.625689164930891
600000,2024-02-27,7.188955401893799,7.247869750406544,7.280908475527227,7.152257700068569,1452.2490373059168,18128.12294908182,2.0,0.058914348512744574,2.5115246573149275,0.8195119488044744
600000,2024-02-28,7.242715540917475,7.321610220900426,7.375997479337395,7.178859370796912,1913.1569415018903,17366.434784499466,2.0,0.07889467998295085,2.3333857436254735,1.089296956883623
600000,2024-02-29,7.288092445738719,7.342471916527546,7.3530962904288835,7.217630185120967,2039.103472856587,18058.570834773924,2.0,0.05437947078882743,2.882607584670477,0.746141342109663
600000,2024-03-01,7.335872222629234,7.404343769388727,7.458736716055924,7.328157869327991,1143.3056089897318,15863.20883663652,2.0,0.06847154675949252,1.8928176812128137,0.9333797629172969
600000,2024-03-04,7.416399759899633,7.541423215247435,7.56419708524087,7.379198390326517,1095.77141598472,14088.512649202912,2.0,0.1250234553478018,2.525410623855729,1.6857701768424382
600000,2024-03-05,7.562437695240013,7.6265851541088665,7.659425347827311,7.561077798304386,1479.7594434114853,14216.525289635854,2.0,0.06414745886885331,2.6827005420639445,0.848237849407063
600000,2024-03-06,7.63426677751399,7.7400400050436176,7.787755216588935,7.567292109512319,1105.36159485467,15255.199912117678,2.0,0.10577322752962726,1.4679115632672404,1.385506042848439
600000,2024-03-07,7.797724208565391,8.060668725813043,8.128567529666373,7.784104087452481,1880.564245537972,15758.995161502524,2.0,0.2629445172476519,1.0566005781726393,3.3720674162702746
600000,2024-03-08,8.075690846561072,8.115536020776162,8.117454788139069,8.04917737490028,1441.9254486064397,13700.742047447962,2.0,0.03984517421509004,2.4181585020488665,0.49339647804940157
600000,2024-03-11,8.090349251138738,7.970819426301969,8.152153907513844,7.919703793930658,1811.12165051575,13942.499071225786,2.0,-0.11952982483676866,1.5348282572376588,-1.4774371430249955
600000,2024-03-12,7.983777066094217,7.571219723745382,8.04367332009019,7.522612722372595,1840.158347793312,18847.53933565029,2.0,-0.4125573423488351,2.001346266521293,-5.167445670557336
600000,2024-03-13,7.584179502044322,7.371265546612381,7.588940112936054,7.364456754270612,1219.6546492016957,14339.750329550845,2.0,-0.21291395543194103,2.6811933637725693,-2.807343304236798
600000,2024-03-14,7.425253986111335,7.259958723107364,7.490854335886218,7.231284996449107,1672.9550097423685,19780.90832475872,2.0,-0.16529526300397102,1.6171321495430007,-2.226122679616749
600000,2024-03-15,7.21622815336873,7.119076765162669,7.275247040280828,7.1006887275998665,1740.7664699872569,11487.06396923644,2.0,-0.09715138820606128,2.577175608926204,-1.346290418502194
600000,2024-03-18,7.111257595200293,7.243246747991353,7.301376414319412,7.0767608439334,1444.0834278459552,16109.434269023675,2.0,0.1319891527910606,1.7036133570923608,1.856059227556961
600000,2024-03-19,7.23174054202696,7.089251484860719,7.2566897126263346,7.035926712358713,1821.7154843811077,19914.171071059536,2.0,-0.14248905716624094,2.267409903184795,-1.970328668985999
600000,2024-03-20,7.0818992185873695,7.15647537793732,7.182128267912478,7.066612582690441,1106.054965177608,11876.882033853411,2.0,0.07457615934995054,2.460180900474841,1.0530531012671762
600000,2024-03-21,7.116481240459184,7.32022701659061,7.368129756698738,7.066854154238148,2035.5011398769543,13706.91822277387,2.0,0.20374577613142542,1.730592314864825,2.8630129026838924
600000,2024-03-22,7.344521978141911,7.849724140160116,7.889686462881777,7.31696275824563,1331.8976864934864,18261.814335105875,2.0,0.5052021620182048,1.2795049150206952,6.878625505128055
600000,2024-03-25,7.8458853583417705,7.990178062376641,8.009477609312134,7.84563874248051,1825.3771302612056,19619.59941446082,2.0,0.1442927040348705,2.547123096246128,1.8390875910703652
600000,2024-03-26,8.062928994777838,8.153135412967135,8.178191975131153,7.991413713433176,1746.2779246963,11362.040787072523,2.0,0.09020641818929676,1.4467126740389413,1.118779766604927
600000,2024-03-27,8.170836108343783,8.156100368749458,8.250161558348003,8.135415922431859,1727.948020270419,18121.38754714691,2.0,-0.014735739594325281,2.0461001423492426,-0.1803455533672671
600000,2024-03-28,8.150162245133735,8.04232628390604,8.220625398011382,7.991379922092017,1077.5766215603016,19985.34773428939,2.0,-0.10783596122769623,2.054796052005547,-1.3231142888239122
600000,2024-03-29,8.02395946376665,8.10295990113551,8.161590218457512,7.950080950910026,1197.3373144188658,16951.759860138973,2.0,0.07900043736885998,2.58742415886877,0.9845567855321091
600000,2024-04-01,8.131600162199934,7.767843506253797,8.144088626143677,7.697588990951603,1395.0677033325517,11135.077034310261,2.0,-0.36375665594613693,1.4623852919421738,-4.4733711531596665
600000,2024-04-02,7.704482389473677,8.042082986429637,8.061925132391915,7.65986383049818,1283.263666204758,10557.990932339526,2.0,0.33760059695596034,2.4886244513275315,4.381872524197217
600000,2024-04-03,8.050999756593855,8.148768622812646,8.224515866040312,7.982242121400901,1889.0493688693882,16836.583340089783,2.0,0.09776886621879122,1.2293039641516637,1.2143692606463974
600000,2024-04-04,8.155460653009529,8.342918042435642,8.387591996350373,8.098728424587577,1631.9640026926068,14034.996299559267,2.0,0.1874573894261129,2.3601131153490593,2.2985505957525243
600000,2024-04-05,8.244956594881526,8.278064461460565,8.290430875561688,8.222051318579217,1900.8790872259428,15893.537746879627,2.0,0.03310786657903897,2.106452677404747,0.4015529517716665
600001,2024-01-01,11.007879519893095,11.415349221800204,11.458046249333995,10.941059322762555,1837.3758141436592,14181.570024683188,2.0,0.4074697019071092,1.5842402245040963,3.7016184740280123
600001,2024-01-02,11.506366848380463,11.80150723112322,11.906199684015828,11.497836449503971,1428.2513751180757,11409.873397883948,2.0,0.29514038274275656,1.0175237031596196,2.5650180168234282
600001,2024-01-03,11.794372125873698,11.597727987642575,11.820848974984179,11.508982623902428,1638.7712225947075,19019.84792804219,2.0,-0.19664413823112348,2.8202536467576556,-1.6672709333949043
600001,2024-01-04,11.532552090761854,10.828234708603613,11.539936664463955,10.73675104732817,1170.8458746510998,16527.087595683002,2.0,-0.7043173821582407,2.0942191343840846,-6.107211800260881
600001,2024-01-05,10.886198885859038,11.013448647380683,11.069081578688856,10.799873562586514,1328.5345040651125,17747.864419685135,2.0,0.1272497615216448,2.4511101828918713,1.1689090274378477
600001,2024-01-08,10.998029100593667,10.834159049534371,11.057573350125885,10.79160362374358,1628.2492162603705,10433.962928103083,2.0,-0.16387005105929653,1.8839030049956673,-1.4899947032368854
600001,2024-01-09,10.822966718730179,10.907372148942635,10.962958271034845,10.72919798285787,1684.1998780900021,15982.72087430391,2.0,0.08440543021245617,2.859984531881258,0.7798733231470178
600001,2024-01-10,10.847905345212244,10.640197298998284,10.890874148267569,10.56886189726491,1150.1999442045303,10615.52713173941,2.0,-0.2077080462139591,1.9555333217916575,-1.9147295224661187
600001,2024-01-11,10.635064158562592,10.747244462347517,10.750337698480253,10.62261612325809,1874.4469042354824,16901.27341840004,2.0,0.11218030378492472,1.4637559832253952,1.0548154868873505
600001,2024-01-12,10.754610813562175,10.239629312477177,10.837948594153962,10.17741541682106,1906.7168386489539,19894.78593430971,2.0,-0.5149815010849981,1.346079422317124,-4.788471754231938
600001,2024-01-15,10.234728186129319,10.014632284492714,10.336151070827928,9.943484291576128,1303.8046626411813,16097.761819627329,2.0,-0.2200959016366042,1.3592995173720976,-2.150481162117135
600001,2024-01-16,10.0263627207313,10.07556116240773,10.16346574213506,9.94923480334713,1591.7222680183577,17560.197124544848,2.0,0.04919844167643106,2.161198269108233,0.49069082225305927
600001,2024-01-17,10.089220244039968,10.224996225595739,10.326248013479834,10.02594390801749,1726.6516841071839,12603.301828617557,2.0,0.13577598155577064,2.5335578389255655,1.3457529746758956
600001,2024-01-18,10.233956865097237,9.878615176228104,10.273779039623058,9.852683565145082,1735.7667899044295,12641.072310773736,2.0,-0.3553416888691334,2.8413668804721812,-3.472182788663314
600001,2024-01-19,9.81444476748737,10.20739719665587,10.211280158703893,9.743964202053581,1395.7950592752204,12320.794637213343,2.0,0.3929524291685009,1.3659433303441995,4.00381721511387
600001,2024-01-22,10.1216199323535,10.299848934174797,10.381433028491115,10.07528590134603,1913.6991730869909,13975.824395504984,2.0,0.17822900182129686,1.1348149497604245,1.7608742771657804
600001,2024-01-23,10.302105724622523,10.394883877135467,10.498252533395398,10.263321298536926,1408.286248889373,10215.65525889258,2.0,0.09277815251294363,1.4854314008790974,0.9005746494253009
600001,2024-01-24,10.32286726526886,10.334178141758882,10.363634700315593,10.297305857473111,1282.6717287387855,17066.16082801331,2.0,0.011310876490021826,1.3894214087756231,0.10957107361126983
600001,2024-01-25,10.33697342413887,10.207970864184745,10.371088880808914,10.122504969862948,1897.4990380009958,16382.884084549336,2.0,-0.12900255995412557,1.9966364426345922,-1.2479722512672708
600001,2024-01-26,10.206039274946761,10.235979940195223,10.27203252284476,10.11222001449836,1542.3955671626236,13192.050480080823,2.0,0.029940665248462395,1.973664249023084,0.2933622381990908
600001,2024-01-29,10.158114159194735,9.918206311767888,10.202471762317712,9.851835452603758,1813.7658530437484,11080.964540051646,2.0,-0.23990784742684745,2.77528500367681,-2.361736082771737
600001,2024-01-30,9.96582875747294,10.431351301266005,10.527664361483325,9.883767295315321,1276.8663180339483,17667.058455432787,2.0,0.4655225437930657,1.439503900091542,4.671187465909354
600001,2024-01-31,10.484794756975518,10.750101054996087,10.84356652084141,10.467268764897902,1283.378771910274,13745.095007301503,2.0,0.26530629802056893,1.8201151366599897,2.530390953471562
600001,2024-02-01,10.831854633752467,10.955135260290325,10.977855326429006,10.774083214568892,1023.6552830765588,18022.405015479537,2.0,0.12328062653785743,1.1512032928143003,1.1381303636933016
600001,2024-02-02,11.00792621628265,11.175421968984459,11.179594781954764,10.961632650810587,1989.2317580837662,15177.59172897324,2.0,0.16749575270180905,2.656028214937694,1.5215922546251592
600001,2024-02-05,11.130705204298996,11.003957056209416,11.230920175637007,10.984639065098037,1973.8312643735342,11317.32341748162,2.0,-0.12674814808958068,2.6401267806969098,-1.1387252268672654
600001,2024-02-06,10.955919862709493,10.756156917775828,11.038608233452294,10.66273011983493,1307.9604638232329,12544.99927808765,2.0,-0.1997629449336653,2.320881740268487,-1.823333389043813
600001,2024-02-07,10.730485264570072,11.028717545721031,11.092518054575958,10.715047171916517,1328.1691865015189,19550.88993838949,2.0,0.298232281150959,1.5005348056710153,2.779299107149069
600001,2024-02-08,11.024712788111794,10.492328482857681,11.09452918763126,10.415846341713634,1963.6357895531655,12896.67845700929,2.0,-0.5323843052541122,1.028864555720127,-4.829008387666978
600001,2024-02-09,10.521238814223286,10.69903743222909,10.783148816260528,10.511348680411563,1968.5504418011355,19480.239484398564,2.0,0.177798618005804,1.608803319506228,1.6899019321322095
600001,2024-02-12,10.60655279291203,10.638865372089473,10.648616831872735,10.596098537413528,1550.5586571296021,11668.393611650306,2.0,0.03231257917744301,2.473350544477354,0.30464732329467115
600001,2024-02-13,10.659703680762483,10.585306378088735,10.670144917431934,10.553809628371837,1133.4560381962335,17227.46337258875,2.0,-0.07439730267374856,2.102281331397093,-0.6979303074626131
600001,2024-02-14,10.657802720258204,10.059385287653011,10.716669488643923,9.973762879315357,1260.1964997958626,18094.413553082682,2.0,-0.5984174326051921,2.2229469625790754,-5.614829325633219
600001,2024-02-15,10.02642267776218,10.308637200747976,10.374838092157106,10.001324608203769,1087.5673074040637,12718.518460863575,2.0,0.28221452298579486,1.055505741840892,2.814708017563672
600001,2024-02-16,10.32561522016973,10.621269322109606,10.70599188040477,10.27422689721491,1725.9974997886975,13986.749498468535,2.0,0.29565410193987596,2.365373290161634,2.8633073733210113
600001,2024-02-19,10.626825735061747,10.572526911759097,10.672932864401176,10.496284959060041,2026.501684273994,15285.130391828312,2.0,-0.054298823302650234,1.0948150024839702,-0.5109599484961813
600001,2024-02-20,10.558094505029318,10.72502035730168,10.75468625112466,10.4635950388698,1591.034166088974,13041.691586190525,2.0,0.166925852272362,2.7678833651251766,1.5810225244038856
600001,2024-02-21,10.74537529679295,10.575295762734912,10.852093484050675,10.480440623037795,1722.2478825818139,16784.946011161483,2.0,-0.1700795340580381,1.752201611860381,-1.5828161358756754
600001,2024-02-22,10.565470075685647,10.604058201015482,10.669204177614812,10.50857083162177,1197.1211188567986,18568.44442376843,2.0,0.038588125329834355,2.0948900133026207,0.3652286652028547
600001,2024-02-23,10.59106419113509,10.147516947381767,10.69022940860193,10.059692450812673,1863.6822954246577,18505.666653045882,2.0,-0.4435472437533221,2.613643794546663,-4.1879383955068405
600001,2024-02-26,10.168790980901479,9.894867772223808,10.181054178536828,9.86652492624072,1221.8831529846045,14266.198320202515,2.0,-0.2739232086776706,2.8632546549272355,-2.6937637836409456
600001,2024-02-27,9.884406864695546,9.441438427637088,9.967249378836602,9.366032808247393,1737.4207493855092,10059.730840350141,2.0,-0.44296843705845745,1.091829089585743,-4.481487287220254
600001,2024-02-28,9.389455002337717,9.554715042636436,9.64408047464952,9.299141054101492,1623.3299472354743,16094.64095754713,2.0,0.165260040298719,2.842800933175052,1.7600599849253662
600001,2024-02-29,9.603052413096153,9.390688724045097,9.644976287582697,9.30131334605343,1048.1506626576402,11009.131789131041,2.0,-0.21236368905105607,1.1960407792393528,-2.2114186189533425
600001,2024-03-01,9.365478135850267,8.971627675445314,9.433217920532702,8.93220626892036,1810.8400034137717,18493.03047434619,2.0,-0.39385046040495375,1.590063461883373,-4.20534279928888
600001,2024-03-04,8.955236135467922,9.066634156383161,9.155463600241621,8.91199135229564,1868.1853112973479,12849.312358948257,2.0,0.11139802091523876,1.3640779727475956,1.243942864600056
600001,2024-03-05,9.145051493950778,9.311491169704986,9.358621099410582,9.132413641396022,1783.1408360629298,18352.659066640346,2.0,0.1664396757542086,1.887480968150178,1.8199971412331983
600001,2024-03-06,9.248613587475196,9.791740544988572,9.869518648960572,9.21725511375802,1976.9014454133899,18810.033185001623,2.0,0.5431269575133761,2.269321850147903,5.872522971971694
600001,2024-03-07,9.812146489929038,10.01669637939547,10.050156052968475,9.725266288109234,1075.8743793414685,13230.857492962017,2.0,0.20454988946643127,2.4064490575520825,2.0846599638150165
600001,2024-03-08,9.935957460707046,9.769784637320967,9.962446852622742,9.676167640533627,1400.0256356775453,10992.232205033195,2.0,-0.16617282338607886,2.022090111085131,-1.6724389576266763
600001,2024-03-11,9.675350255230246,9.879410992356798,9.955690733288074,9.642943196917795,1503.8998441645795,18728.07285341098,2.0,0.20406073712655193,1.4144919421846263,2.109078552647148
600001,2024-03-12,9.85967740797129,9.869371457115449,9.959887300655106,9.826654570909664,1238.4498976005973,17149.525056936534,2.0,0.009694049144158612,1.9904050847890316,0.09832014520394505
600001,2024-03-13,9.917431473258521,9.999438824447292,10.077349584746418,9.872828117647556,1475.9591794502333,11636.603808850441,2.0,0.08200735118877134,1.2023301238235675,0.8269011125501269
600001,2024-03-14,10.014345177589027,10.247929325762872,10.328292256202829,9.986227494171533,1957.1339182240185,14880.676437321901,2.0,0.2335841481738452,2.050827484733584,2.3324954755562066
600001,2024-03-15,10.20980180417252,10.154859856714035,10.227280555391886,10.082711277909835,1891.6026941957039,13414.379161865707,2.0,-0.054941947458484464,1.2842376618118119,-0.5381294222188582
600001,2024-03-18,10.14773564993553,9.835043639064606,10.199018649928721,9.737588075976085,1179.7037822482043,16400.618170129404,2.0,-0.3126920108709239,2.141005560630966,-3.0813968914622847
600001,2024-03-19,9.791634088643594,9.836095582834643,9.860555526621763,9.701813576193594,1720.4409942834168,10087.514103574658,2.0,0.044461494191049056,2.72202521180583,0.4540763450568086
600001,2024-03-20,9.809618521726225,10.125783114530508,10.218395324121408,9.789322529413703,1821.8788613013203,10118.96563144532,2.0,0.31616459280428266,2.923232590022894,3.223005992578054
600001,2024-03-21,10.177269294970705,9.984182728464463,10.264081040775432,9.96978166517407,1508.7540171368412,10241.21007393774,2.0,-0.193086566506242,2.2962013368131657,-1.897233539861809
600001,2024-03-22,10.050459445506531,9.385715340687844,10.078207417601392,9.345643253278688,1597.1386473087134,13600.845116228598,2.0,-0.6647441048186877,2.328821586685619,-6.614066833689769
600001,2024-03-25,9.398494269982704,9.262907420374756,9.458097206656372,9.214507225170838,1312.3412148130728,10495.588408407086,2.0,-0.13558684960794842,2.919938642388655,-1.4426443823133628
600001,2024-03-26,9.286788301943664,9.462538071405048,9.468459398420736,9.193930295055889,1802.9340621445372,13673.129535977529,2.0,0.1757497694613832,1.0780261928488577,1.892470935561219
600001,2024-03-27,9.469914202349784,9.851995447427713,9.924049492904759,9.46513121049787,1136.7066482441128,11983.211438353821,2.0,0.38208124507792895,2.6032961788831988,4.0346853932754945
600001,2024-03-28,9.891353770016986,9.733552316364023,9.90806471005448,9.69553987694367,1853.8549152707824,15116.92111504331,2.0,-0.15780145365296327,2.010373068909156,-1.5953473844126043
600001,2024-03-29,9.66126369850513,9.557159232650704,9.735200837212679,9.48040014061692,1882.2973626767284,18385.36487951489,2.0,-0.10410446585442479,1.7775926168954854,-1.0775450200218861
600001,2024-04-01,9.620233832128928,10.016328262773818,10.072877702563392,9.567632800855254,1763.7635054158754,11559.54010007492,2.0,0.39609443064489014,1.9139261037292388,4.117305645129377
600001,2024-04-02,9.969463862416557,9.790870089385475,10.049018091865253,9.767207748724115,1979.6883435067252,14393.44549696953,2.0,-0.17859377303108204,1.4095918055529892,-1.7914079984216125
600001,2024-04-03,9.813082637898221,9.904379237916764,9.916601507227123,9.722295856087888,1868.9749639565562,14516.427022302016,2.0,0.09129660001854312,2.5652530848311015,0.9303559685307716
600001,2024-04-04,9.918460978236507,9.88907508511391,9.954361425854113,9.874703273185554,1175.0276232119797,19168.370907125704,2.0,-0.029385893122595874,1.935780673838113,-0.29627472636204466
600001,2024-04-05,9.865093818903683,10.229398909023702,10.262412439634787,9.816713694896654,1921.7405698867242,12875.930324727899,2.0,0.36430509012001977,2.4227444816868227,3.692870000100057
600002,2024-01-01,12.015539718831342,12.257117133944229,12.353517233204105,12.011238493697892,1635.2638779625074,16574.278704800352,2.0,0.24157741511288755,2.350896750722963,2.010541521778464
600002,2024-01-02,12.311462858988563,12.481907000417657,12.50745391637131,12.201754582706226,1656.900013827204,10717.692703522578,2.0,0.17044414142909403,2.247014906700687,1.3844345175005213
600002,2024-01-03,12.511093148026282,13.031626126828051,13.03769122336237,12.44193501239719,1173.955845553452,13915.042234445364,2.0,0.5205329788017696,2.357482580883266,4.160571523551382
600002,2024-01-04,13.153023595591637,13.591642678022936,13.650777672785484,13.13358357467747,1710.6935053624145,11155.476268585306,2.0,0.4386190824312983,2.7709911252131003,3.3347395695261017
600002,2024-01-05,13.633344289467281,13.55544885493629,13.665540269563289,13.45461209769689,1159.2723861149293,15632.660845246959,2.0,-0.07789543453099057,2.886833091126647,-0.5713596963231593
600002,2024-01-08,13.630185459512282,14.161763232132538,14.164267468080638,13.575128604579112,1424.799046020142,18312.14004188248,2.0,0.5315777726202562,2.741383495907191,3.9000039595886493
600002,2024-01-09,14.15084364902193,13.705064152826203,14.160599394726116,13.573913351098453,1982.3684694176168,12385.526404827093,2.0,-0.4457794961957262,1.7166693525346521,-3.1501973115683257
600002,2024-01-10,13.744924880035464,13.873128271422967,14.007485161046546,13.64907350511039,1616.4127886270512,11198.572802992978,2.0,0.12820339138750292,1.232615017587719,0.9327325722508606
600002,2024-01-11,13.902518399138003,13.839589515017261,13.958775352540604,13.72539497448514,1705.0994977061491,10132.351467581824,2.0,-0.06292888412074227,2.0705625822269083,-0.4526437751353307
600002,2024-01-12,13.880809359063294,13.975097944639037,13.987688943054916,13.764887497164644,1547.3527643128025,12881.243970511461,2.0,0.09428858557574316,2.415122746536544,0.6792729669915065
600002,2024-01-15,13.959753047394083,13.368558307222635,14.067610762800223,13.269798059807163,1421.8868282266526,14750.711898983542,2.0,-0.5911947401714475,2.3219004970410007,-4.234994259313263
600002,2024-01-16,13.39044549921338,13.016423283684952,13.496399665225425,12.924375507986174,2007.5022561474193,19587.638839261428,2.0,-0.3740222155284272,2.179212554774162,-2.7932021794973116
600002,2024-01-17,12.975861296092924,13.782607698682456,13.806870408004578,12.92803987187579,1515.6592293831936,19110.22597793927,2.0,0.8067464025895319,1.1385637891294642,6.2172859602964925
600002,2024-01-18,13.780238886705037,13.749375741250839,13.879052081347274,13.680978521008571,1140.2366202875646,11531.845555147787,2.0,-0.030863145454198104,2.24367393230923,-0.22396669395894353
600002,2024-01-19,13.910587986791445,13.952628880197823,14.023300476921687,13.899734084415385,1228.3144370849066,15397.18826684312,2.0,0.04204089340637829,2.586648099115256,0.3022222600963964
600002,2024-01-22,13.829587035846144,13.611712726929808,13.85918825436446,13.529388438618245,1623.7903659544738,13771.509365232843,2.0,-0.2178743089163362,2.7844708226535033,-1.5754216546857713
600002,2024-01-23,13.575865237341665,13.393252795851879,13.655627644892414,13.391490668453828,1442.8288927145823,18403.80028160505,2.0,-0.18261244148978584,2.5710503962812634,-1.3451256203361073
600002,2024-01-24,13.363309425369428,13.117242539671205,13.36534668156705,13.083766440457884,1231.5808438803938,17040.434301357483,2.0,-0.2460668856982231,1.4566863965288102,-1.8413618802471166
600002,2024-01-25,13.097965160763383,12.938260188546218,13.14492842898237,12.81303787909124,1426.4684548476644,13394.672023021803,2.0,-0.15970497221716506,2.1878410511915405,-1.2193113224608476
600002,2024-01-26,12.909407387239197,13.488802938055406,13.565898444018199,12.880162706847743,1153.2264473565272,14961.622635950731,2.0,0.5793955508162085,1.7005620028803374,4.4881653621756
600002,2024-01-29,13.378462824808905,12.87175710074017,13.391153508345688,12.848521735861183,1277.6028549483867,17399.33502675211,2.0,-0.506705724068734,2.3410189344941372,-3.7874734242943298
600002,2024-01-30,12.924697256298046,13.406068605671878,13.517790235940707,12.864898757611014,1219.852122226767,18806.251267169824,2.0,0.4813713493738323,2.715952474591167,3.72443036636132
600002,2024-01-31,13.511483451348644,13.028583379430922,13.621016358139654,12.968551009454515,1759.3907603191824,10887.601677072014,2.0,-0.48290007191772233,2.9017508188144294,-3.5739974345268655
600002,2024-02-01,13.073213345256109,13.62678624948618,13.736280980161133,12.987880566860092,1910.5738022321434,11992.312894840063,2.0,0.5535729042300712,1.1498935964478567,4.234405800705043
600002,2024-02-02,13.550391745832217,12.90400535251757,13.623104518117326,12.89793368814731,1294.0779603886185,19404.57658742567,2.0,-0.6463863933146463,1.6402183175543477,-4.77024137337918
600002,2024-02-05,12.91263596390825,12.924871843991117,13.050205204196157,12.813089635652394,1035.6842475776566,14470.317041230708,2.0,0.012235880082865691,2.285943439884389,0.09475896414230522
600002,2024-02-06,12.866871549661848,12.776655364955422,12.932403406030282,12.717147666699509,1041.979477533374,19454.156077402782,2.0,-0.090216184706426,2.853819355685747,-0.7011508924933407
600002,2024-02-07,12.832637335201463,13.225496799925825,13.333987351722945,12.705829662408158,1080.5191642287484,19035.932925751367,2.0,0.39285946472436173,2.818174082691734,3.0614086135412055
600002,2024-02-08,13.191041686260615,12.738928341563474,13.265646657976578,12.649937128819658,1090.3458271052157,15301.758942629369,2.0,-0.4521133446971408,1.8886621369697238,-3.4274271543546675
600002,2024-02-09,12.718012564043537,13.717105852964634,13.783536461503422,12.593852440840767,1286.6683192955584,19170.168755612056,2.0,0.9990932889210971,1.4371883633431024,7.855734407321946
600002,2024-02-12,13.80190682334993,13.785196197029851,13.819897671393113,13.699145854135333,1115.3713741129022,16752.521936557318,2.0,-0.016710626320078248,2.154284687220124,-0.12107476549404472
600002,2024-02-13,13.753139405053041,14.354409043970945,14.375643104449091,13.678384053503734,1824.1601321038543,12565.04044162358,2.0,0.6012696389179037,2.1624441809940746,4.371871913819114
600002,2024-02-14,14.488516082667351,13.845052989274206,14.559337372191223,13.807103480852398,1932.4031730765412,13881.949858137203,2.0,-0.6434630933931444,2.205000752936993,-4.4411939064133765
600002,2024-02-15,13.82115855185797,13.920889017920944,13.952256190877236,13.809185755756811,1771.2532207620707,12930.178046694578,2.0,0.09973046606297409,1.5185146089598276,0.7215781925138831
600002,2024-02-16,14.029460434905799,14.20817613811018,14.222663610468816,14.00375046390849,1930.687261700688,16531.11287154074,2.0,0.17871570320438046,1.234993813669068,1.2738601319244536
600002,2024-02-19,14.192741533049876,14.666443065497628,14.69561848362974,14.115349459582095,1125.3906460563026,11234.468427802356,2.0,0.4737015324477518,1.9985753343403723,3.3376323478072845
600002,2024-02-20,14.847481512154408,15.444254840665376,15.582639848308958,14.731814667929273,1095.7188794078122,18507.68867073964,2.0,0.5967733285109684,2.27092217102399,4.019357276332958
600002,2024-02-21,15.520637120523002,15.607658197041157,15.760482120157052,15.444222582582052,1430.1959367726051,18489.033038423233,2.0,0.08702107651815538,2.5266534349849197,0.5606797958254361
600002,2024-02-22,15.706880067829664,16.43420571261143,16.447883260482246,15.686464495249528,1742.190970170212,16335.652140165355,2.0,0.7273256447817662,2.6772434429864056,4.63061818541195
600002,2024-02-23,16.461095274113724,16.398293136370356,16.51080826860708,16.238421140888097,1531.7418724014246,15641.20551142735,2.0,-0.06280213774336829,1.0355946831748082,-0.38151858486675794
600002,2024-02-26,16.288348988452714,16.16642679144264,16.39803756869656,16.133908902287267,1681.3359592268007,12784.805196974181,2.0,-0.12192219701007545,1.0945614372204109,-0.7485239731571891
600002,2024-02-27,16.163649714584263,16.553029315252903,16.594712293536936,16.04708401444001,1501.0158657034244,18176.39640203406,2.0,0.3893796006686401,2.606228165510339,2.40898316620477
600002,2024-02-28,16.64209155383232,16.36970790812884,16.71245154498865,16.257583840169413,1769.2441802611402,11381.644933205747,2.0,-0.27238364570347784,1.807784642373619,-1.6367152218962122
600002,2024-02-29,16.4158912679253,15.949927690362834,16.50059197831754,15.896014018754197,1738.5940579041512,16445.806302546363,2.0,-0.46596357756246576,2.5404206460828815,-2.8384908864065306
600002,2024-03-01,15.980270447331225,16.093155608007393,16.22577411237024,15.912399134813196,1954.7082005636162,14515.045283705917,2.0,0.11288516067616783,1.3573739958830857,0.706403318067883
600002,2024-03-04,16.21212739175412,16.61499432995013,16.69246816364065,16.108665940114538,1530.4182563015002,19584.18272568727,2.0,0.40286693819600927,2.136988731111896,2.4849726902646863
600002,2024-03-05,16.500250692468676,17.412924729515506,17.551176783801683,16.347700528866397,1597.0489195448667,12023.860449473765,2.0,0.9126740370468305,2.9322096860040796,5.531273760970246
600002,2024-03-06,17.28512074236612,17.918619283557256,17.995789020287955,17.269535921257837,1923.660977540491,15449.436465831737,2.0,0.633498541191134,1.7930668641146859,3.6649934393482075
600002,2024-03-07,17.91491696066537,18.207442040820588,18.361048944670518,17.809408965227444,1173.1741423830863,11074.408306068972,2.0,0.29252508015521883,2.589748341553082,1.6328575834177572
600002,2024-03-08,18.243430557353708,17.738575366105437,18.364748950730412,17.69881947701423,1916.1027264518607,17444.508118808913,2.0,-0.5048551912482715,2.7752171558096013,-2.767325967893519
600002,2024-03-11,17.627438143384882,17.62802072059589,17.691486328872713,17.50590000371544,1872.9326337078505,18284.692225306484,2.0,0.0005825772110092942,1.400580057779584,0.0033049454280842383
600002,2024-03-12,17.675987754533658,17.972269784195024,18.023131080318333,17.504216669407345,1753.9622488625478,14515.423971786811,2.0,0.2962820296613664,1.0324930849011225,1.6761837232285526
600002,2024-03-13,18.05388068582822,17.74149186779175,18.146538151763185,17.691505610528488,1217.6674698313943,13527.462638793235,2.0,-0.31238881803646734,1.7206671756226437,-1.7303139611512086
600002,2024-03-14,17.828356240158225,17.20419648454766,17.998160388597594,17.110206830715104,1091.2236177791988,19492.110143426078,2.0,-0.6241597556105667,2.0315354753005312,-3.5009383209689937
600002,2024-03-15,17.107482983233965,16.608021452925815,17.22219591682874,16.52348105672634,1446.0555335441845,19957.796069254233,2.0,-0.49946153030814955,2.518804022491884,-2.919550063546128
600002,2024-03-18,16.54471034902376,16.566274566707374,16.596544538804523,16.432869677281865,1641.9643078933668,19846.723329745455,2.0,0.021564217683614828,2.2823030620007536,0.13033904630967985
600002,2024-03-19,16.59206016381243,16.314079164866296,16.60030990745939,16.201299576767003,1706.9254399228944,18480.907616793113,2.0,-0.27798099894613415,2.082639550242888,-1.6753856736393402
600002,2024-03-20,16.293704670412854,15.380685614814617,16.346385178749678,15.336338411622862,1740.8910213974546,18335.673851314325,2.0,-0.9130190555982374,2.0281654443116675,-5.603508066868034
600002,2024-03-21,15.456760982334766,15.626177508480316,15.732813384198051,15.353057663129034,1838.567887233208,12552.789885269452,2.0,0.16941652614555025,2.8176560530297077,1.0960674512543234
600002,2024-03-22,15.56299864322898,15.453091740771393,15.69301478935646,15.368237375349848,2023.7437475269355,17550.97767940652,2.0,-0.1099069024575865,2.063979063010233,-0.7062064643011734
600002,2024-03-25,15.422728084748288,14.873537968333782,15.528579642615197,14.796792574196715,1680.4589032329627,18760.669603841685,2.0,-0.5491901164145059,2.6795859992098845,-3.5609142130801463
600002,2024-03-26,14.901879467827614,14.359073622991762,15.040182975462557,14.306168699858823,1285.0159880011931,11808.195467725756,2.0,-0.5428058448358524,2.8066583417537014,-3.642532782577812
600002,2024-03-27,14.357120956167009,13.555975817262382,14.396054224343771,13.506139351188601,1096.149660092194,16596.463585368503,2.0,-0.8011451389046265,1.8824220028304386,-5.580123907505985
600002,2024-03-28,13.604022777832183,14.283731955488179,14.36304623584633,13.593832011913934,1659.7612338185418,13144.960672802456,2.0,0.6797091776559956,2.591021628585822,4.996383707645546
600002,2024-03-29,14.24198161814995,14.376092506949245,14.399191701022263,14.109164044463714,1889.2129651281416,15242.765570809923,2.0,0.13411088879929522,2.9800447056259256,0.9416589095184946
600002,2024-04-01,14.130933420933427,13.631468570333816,14.230203424967767,13.567138382965462,1443.8010500869811,18247.661720008073,2.0,-0.49946485059961176,1.7105871218135802,-3.534549599248049
600002,2024-04-02,13.666073138293866,13.807582331167284,13.824530892462832,13.536869311765143,1611.8284676568628,11887.658772700906,2.0,0.1415091928734178,2.6100294874863748,1.035478088265851
600002,2024-04-03,13.816262712620185,13.681403898768817,13.888896525016168,13.661786529923587,1947.0141440394962,19393.581069028853,2.0,-0.134858813851368,2.211473977017861,-0.9760875039541927
600002,2024-04-04,13.700178238599936,13.91504093776042,13.944911086800747,13.581417850224737,1805.9172145714613,11662.541170564104,2.0,0.21486269916048428,1.280666090749547,1.5683204657521488
600002,2024-04-05,13.993091250569663,13.811623888599605,14.120111499487951,13.793433815553726,1300.1513734328576,16086.189734384643,2.0,-0.18146736197005708,1.5937251601068954,-1.2968354077064204
600003,2024-01-01,12.975360097837457,12.651283516299854,13.10300324317371,12.57748003668702,1134.8939405243623,10209.02501873486,2.0,-0.32407658153760366,2.350302705416805,-2.497630733127909
600003,2024-01-02,12.597929721020158,12.468930401031786,12.610768138325419,12.35180401631058,1259.2519396944622,15125.349306394106,2.0,-0.1289993199883721,2.764568535233931,-1.0239723735966821
600003,2024-01-03,12.462740069680107,12.050294667863428,12.539758120656627,11.971821962893166,1139.4380247703211,11890.385341908503,2.0,-0.41244540181667944,1.710551147012884,-3.3094279388855674
600003,2024-01-04,12.058407340779736,12.313034994488756,12.377380517349074,12.003325904026582,1132.4301713164311,19042.166634853398,2.0,0.2546276537090204,2.8969725277833414,2.1116192753574348
600003,2024-01-05,12.302975917021174,12.694329814899868,12.748148975036413,12.242430277147765,1726.0584105961536,19873.70165776024,2.0,0.39135389787869457,1.1684542316097195,3.18096938918051
600003,2024-01-08,12.666044091370082,12.299982883991158,12.685350160910021,12.217061528861503,1297.151474562208,19812.26279303441,2.0,-0.3660612073789249,2.4309402904959,-2.89009895069241
600003,2024-01-09,12.368253156146135,12.444026295981896,12.498730112153071,12.252176633121122,1882.9999749883907,10066.712391350346,2.0,0.07577313983576062,2.1468503340522416,0.6126422129232312
600003,2024-01-10,12.459464222037985,12.396333694155276,12.569903418598017,12.389322209886673,1043.9495328388937,18486.12999446099,2.0,-0.06313052788270923,1.1591997539057877,-0.506687340303491
600003,2024-01-11,12.376586805003587,12.435870274729316,12.462087876038426,12.320636271429914,1887.0776331530742,17790.42122296577,2.0,0.059283469725729177,2.750464696093885,0.478996921039343
600003,2024-01-12,12.393617428191044,11.971357153103222,12.472697989116947,11.909986541307546,1721.5110816351016,16057.589827283127,2.0,-0.4222602750878224,1.7701041661010128,-3.4070785025793304
600003,2024-01-15,12.027482657088202,12.181465143252698,12.288895852637248,11.951143655256848,1581.8868675851795,19475.302962950722,2.0,0.15398248616449628,1.5002492692794893,1.2802553165499608
600003,2024-01-16,12.16812292307698,12.382163186202773,12.500452129766797,12.139694352846409,1517.5375631959337,18383.537793140953,2.0,0.21404026312579205,2.7683671556835696,1.7590244976886549
600003,2024-01-17,12.375746924407188,12.602477475340152,12.715552652275655,12.264316274328676,1305.038638942307,15533.207897611683,2.0,0.22673055093296313,2.4541390304123416,1.8320554898048957
600003,2024-01-18,12.528079258285107,13.262696662230844,13.267688834401591,12.527828567301473,1110.419908519897,18125.582102171895,2.0,0.7346174039457374,2.3592885779959962,5.8637672128384555
600003,2024-01-19,13.170099617004773,13.402755624205524,13.488141282670751,13.161639395414937,1270.8027472094568,19907.035908214704,2.0,0.23265600720075064,2.86095370768719,1.7665470570955577
600003,2024-01-22,13.35753619167026,13.637808541751731,13.682335273638095,13.247591148128782,1982.312886254549,19565.22284338289,2.0,0.28027235008147144,1.3290827675723136,2.09823388130701
600003,2024-01-23,13.6546315206419,13.938675364124737,13.942903707987892,13.630654985844165,1335.2874144558477,15296.656847614362,2.0,0.28404384348283784,1.1206183950508357,2.0802014543815694
600003,2024-01-24,13.984598922208201,14.17793444887262,14.277055347847481,13.882751152459226,1067.9055274417701,13695.171271659712,2.0,0.1933355266644181,1.7702571460607164,1.3824888918150702
600003,2024-01-25,14.167308216949593,14.672563386622882,14.711601006478423,14.083366016699314,1041.98553192901,14279.216401059231,2.0,0.5052551696732888,2.2300490954788015,3.5663455748693895
600003,2024-01-26,14.647364595608948,14.4139100232171,14.706652101771976,14.399722881524593,1856.815099512498,15096.970604590455,2.0,-0.23345457239184775,1.5465328330369894,-1.5938332856262338
600003,2024-01-29,14.410909870906622,14.826809112390697,14.947359123567843,14.326098590363365,1447.6991069709811,12904.643509315718,2.0,0.415899241484075,1.4558944637367495,2.8860026550003637
600003,2024-01-30,14.866859680384982,15.274702729313749,15.28479650085883,14.747518610228695,1133.6542310512518,18709.05650045354,2.0,0.40784304892876655,2.7787391989706354,2.7433032778729105
600003,2024-01-31,15.313606288670075,16.201242894157318,16.212957458521206,15.198992081949596,1348.623777211109,11135.17307506561,2.0,0.8876366054872431,2.3356570878429697,5.796391710448834
600003,2024-02-01,16.16763845007725,16.23398915444704,16.316165586284075,16.120413194818482,1111.7970864669985,10603.356920595877,2.0,0.06635070436979262,2.8233419996662508,0.4103920592650079
600003,2024-02-02,16.24612629821297,16.414050676203964,16.551602120280922,16.110690707488637,1776.2957281877905,14068.421518046638,2.0,0.16792437799099247,1.179096637860481,1.0336271853891965
600003,2024-02-05,16.28968199058563,16.436204814631765,16.565730111780603,16.149837112399027,1566.298551226273,16946.86887265522,2.0,0.1465228240461336,1.3303477532825843,0.8994824093608189
600003,2024-02-06,16.589124957279,15.893331960323708,16.688880443483573,15.869249411763553,1621.3003225853208,16588.50215543227,2.0,-0.6957929969552925,1.6554542552408762,-4.194271842228736
600003,2024-02-07,16.060709079863855,15.244703560475594,16.163989533430726,15.244059543376448,1183.5551738982115,17183.86550320939,2.0,-0.8160055193882609,1.5997057094990952,-5.080756492945437
600003,2024-02-08,15.325736457818993,15.140120962457578,15.330988917113135,15.03527733866959,1795.3786047999913,17074.93552802362,2.0,-0.18561549536141442,2.3951592997021875,-1.2111358946585327
600003,2024-02-09,15.149928201278888,14.914601093836595,15.263627933083294,14.899301653346301,1195.9048840790708,16858.40054195033,2.0,-0.23532710744229313,1.0666720533700285,-1.5533216020286345
600003,2024-02-12,15.036252028813896,14.678796315573166,15.153013280355305,14.665295438692405,1833.5889597845087,14524.80575561534,2.0,-0.35745571324073033,2.370754921797241,-2.3772926428456964
600003,2024-02-13,14.648619086960357,15.047274518950891,15.188399057094303,14.609758726334224,1203.4482777918238,15594.843732565882,2.0,0.39865543199053377,1.7933089296544131,2.7214540129956832
600003,2024-02-14,15.054036401880843,15.692576461622739,15.745939386568965,14.906795988513046,1639.264117468247,12719.218338918308,2.0,0.6385400597418958,1.9117062236569573,4.241653485454022
600003,2024-02-15,15.713283463404606,15.915868990599229,15.936981615547793,15.576714922021617,1812.5590386255326,10214.906560583873,2.0,0.20258552719462308,1.0910225637831477,1.2892628562733766
600003,2024-02-16,15.748483668605584,15.376197271260773,15.788365321343658,15.343813611357835,1361.4949757695042,12430.002848156653,2.0,-0.3722863973448103,1.943516479531825,-2.363950747124688
600003,2024-02-19,15.35368417977022,15.285513642617792,15.383058196122237,15.248299236602458,1676.2652362431797,18888.830648305106,2.0,-0.06817053715242771,2.278665186710434,-0.444001168411734
600003,2024-02-20,15.352511982245614,15.182700340589324,15.488568961032867,15.173220066079697,1119.9084954696912,19209.076005763985,2.0,-0.16981164165629004,2.380141195201049,-1.1060837591442274
600003,2024-02-21,15.279845007134272,15.22298112422084,15.406793479352162,15.108114786896335,1960.1656564746445,15837.889230691584,2.0,-0.05686388291343114,1.246732726768131,-0.37214960548932474
600003,2024-02-22,15.423591672572039,15.20094353287249,15.495625994277285,15.137791409655991,1462.6449516995608,10615.228902815308,2.0,-0.22264813969954922,1.3951037177917354,-1.4435557192264525
600003,2024-02-23,15.192597706119976,14.942585924239104,15.263124254032027,14.819225102733071,1681.2434399771073,14629.451494654515,2.0,-0.2500117818808718,2.137270104494662,-1.6456157578645048
600003,2024-02-26,15.075524239478803,15.148429979694011,15.272086392116996,14.999994721565841,1715.2619555552862,11361.68847765226,2.0,0.07290574021520868,2.132295590784473,0.4836033497547465
600003,2024-02-27,15.084318443051632,16.050577893624,16.196405905082123,14.950357995146192,1471.7884944734103,14574.172027058494,2.0,0.9662594505723661,1.4906136616131511,6.405721638802042
600003,2024-02-28,16.024458184449042,15.912730542733819,16.099078696357573,15.859767528348275,1128.963523101538,18497.81095096039,2.0,-0.11172764171522331,2.265615651647834,-0.6972319464981891
600003,2024-02-29,15.852855170095877,16.03569227837683,16.04516425912572,15.846983774536561,1667.8802189840028,17772.274670949228,2.0,0.18283710828095145,1.6915364795199062,1.153338665616821
600003,2024-03-01,16.220567314371518,16.210371291568947,16.241849565133823,16.07016536743947,1599.4435394477132,11334.502625983216,2.0,-0.010196022802571036,1.9421628324795657,-0.06285860787086373
600003,2024-03-04,16.08710407844323,15.887139958725534,16.170224051102,15.738861855140598,1647.8719529646287,16876.198141624096,2.0,-0.1999641197176949,2.6711840440305794,-1.2430088022221897
600003,2024-03-05,15.8068024522503,16.0522629613246,16.05909528722541,15.652566332960154,2040.1471723168074,16207.168681166117,2.0,0.2454605090743005,2.635924795609432,1.5528789571185975
600003,2024-03-06,16.171505645264247,17.118689683833427,17.16955489872857,16.0498945169077,1874.1198301736595,12017.66586067004,2.0,0.9471840385691799,1.156703877744346,5.8571171995141835
600003,2024-03-07,17.15412266819563,16.58149327598488,17.319598008342716,16.441471879394445,1825.2888599988726,18121.649341409327,2.0,-0.5726293922107502,2.708663618905225,-3.3381444407671546
600003,2024-03-08,16.511533105654966,16.705003745743312,16.797023793147726,16.46260749765002,1449.7899472111972,10434.326019647619,2.0,0.19347064008834636,1.644065490892082,1.171730322377429
600003,2024-03-11,16.73586589598045,17.662927424521342,17.691939548962544,16.597350136127346,1265.3175631819565,16195.976233867674,2.0,0.927061528540893,1.5504976051026482,5.539369963304686
600003,2024-03-12,17.64153464745365,17.525615243265694,17.673659173494514,17.471180802690974,1073.2283246768002,14068.992373576564,2.0,-0.11591940418795588,1.7142510616123554,-0.6570823145745308
600003,2024-03-13,17.507947104045527,17.5620069404549,17.624652584102165,17.379753431738017,1065.8177056095985,13311.915858588369,2.0,0.05405983640937251,2.251144821035994,0.3087731307851671
600003,2024-03-14,17.680401231231677,17.234967432016088,17.788889682549502,17.22656936121432,1491.336265809447,19308.81686403162,2.0,-0.44543379921558923,2.0960949133580034,-2.5193647666137187
600003,2024-03-15,17.28030496085799,16.69928054788123,17.34159833573494,16.694327509609575,1474.7462092785584,12265.123698541047,2.0,-0.5810244129767597,2.1671393202627804,-3.3623504578932595
600003,2024-03-18,16.696837136820413,15.871782159869623,16.844446335638864,15.848872075272023,1187.1662584069152,13131.024076782029,2.0,-0.8250549769507902,2.876972675980884,-4.941384827497375
600003,2024-03-19,15.73862938021047,15.456215724167587,15.853452871714246,15.406947535701422,1091.7324966600806,18071.180886006532,2.0,-0.28241365604288404,1.4884261780781427,-1.7943980331475817
600003,2024-03-20,15.51097077251055,14.80092185841967,15.65615329932604,14.71253271115453,1340.891600076488,16354.337320746741,2.0,-0.7100489140908799,2.4861982801933644,-4.577720663037221
600003,2024-03-21,14.846291767128474,14.23472142760608,14.967573317707553,14.11007310460214,1787.0574245692737,19620.29885794371,2.0,-0.6115703395223928,2.4303587608612514,-4.1193474378328325
600003,2024-03-22,14.147491751971284,14.296289301203453,14.404367938086178,14.010447378986568,1880.2779280139803,17784.79102195607,2.0,0.14879754923216915,1.367586715568142,1.051759222347215
600003,2024-03-25,14.221894567988336,13.840206126712937,14.319349720760277,13.83971690908507,1376.4752778821128,17105.679367313285,2.0,-0.3816884412753989,1.8523681315522893,-2.683808682807498
600003,2024-03-26,13.84688746371645,13.674125066761674,13.961630515564577,13.541557833994753,1144.9305116027738,14081.443538613623,2.0,-0.17276239695477713,2.029305679338149,-1.247662316946485
600003,2024-03-27,13.594508031214765,13.677867604356798,13.804327625634643,13.475254570100235,1215.2725987109027,18164.597297657987,2.0,0.08335957314203313,2.2152133239777965,0.613185655197146
600003,2024-03-28,13.619814216330887,14.016459830546989,14.065091832554225,13.531485113193927,1787.0307345314795,19688.056501573425,2.0,0.39664561421610145,2.640190128986176,2.9122689040831595
600003,2024-03-29,13.975237939411938,13.549073554944107,14.107499488228937,13.465376196872455,1800.9743847203677,18889.895690402736,2.0,-0.4261643844678318,2.62488807696067,-3.0494248921944633
600003,2024-04-01,13.5049649488885,13.654326106560768,13.776549486254694,13.504626345979663,1722.6892269162036,18991.997691688,2.0,0.14936115767226887,2.302089238721857,1.105972197910532
600003,2024-04-02,13.659063940035583,13.514738170915992,13.779857200018098,13.38152761407142,1597.4430638863037,17421.32278886391,2.0,-0.14432576911959138,1.8179043838919628,-1.0566300132512252
600003,2024-04-03,13.695384837203509,13.12890929244045,13.791355600087194,13.126880417451755,1831.79869949292,16596.14707647532,2.0,-0.5664755447630583,1.2678275764371518,-4.136251383197553
600003,2024-04-04,13.12767303985867,13.03698023310249,13.172306284917989,12.93240198281841,1833.2537757042483,19299.17828624849,2.0,-0.09069280675618074,2.466721379877374,-0.6908521143146662
600003,2024-04-05,13.020637032929095,13.464984676505797,13.48034942670791,12.959876979161638,1666.7543270613783,15036.328915763303,2.0,0.44434764357670176,1.9520712285801949,3.4126413512099996
600004,2024-01-01,14.165494407129199,13.935016980083299,14.247080868897198,13.89466589238811,1819.024844628836,12370.44641064023,2.0,-0.23047742704589957,2.94795518115994,-1.627034118413162
600004,2024-01-02,13.991310032978845,13.240085990183534,14.102237566099337,13.115929477436978,1537.565307465667,16518.200455664177,2.0,-0.751224042795311,2.802548621312683,-5.369218758104887
600004,2024-01-03,13.26496546394589,13.317885185468176,13.369847591998441,13.150905312507097,1325.3555656341946,15202.324549155124,2.0,0.05291972152228652,1.5639798500149307,0.3989435303553668
600004,2024-01-04,13.42595056503478,13.678281606520999,13.784805472667827,13.309552314597221,1050.1488573713045,14725.050963079937,2.0,0.25233104148621877,2.0665045939702433,1.8794277564477602
600004,2024-01-05,13.731639115754408,13.476309585852952,13.778016613730335,13.421850341085076,1115.5380546412148,14955.075691408212,2.0,-0.25532952990145574,2.6495186622845472,-1.8594249947081254
600004,2024-01-08,13.487956383440212,13.217275999750253,13.53283543632626,13.11432921498568,1705.4839287183331,18133.42589645595,2.0,-0.2706803836899585,1.8915517499723502,-2.006830212042243
600004,2024-01-09,13.080296704607452,13.457444264286375,13.583039915617777,13.02794433441619,1139.7909804227747,17456.263381416087,2.0,0.37714755967892266,1.9556169492065634,2.883325724148711
600004,2024-01-10,13.444726016022187,12.596404752427736,13.524500006724756,12.596014748898394,1349.5504543980057,11817.121840484228,2.0,-0.8483212635944515,2.0729101274567725,-6.309695434354712
600004,2024-01-11,12.584893581725073,12.834323854657587,12.89312852693413,12.549629226493627,1704.5969777939324,19741.447753486427,2.0,0.24943027293251419,1.9389148282153768,1.9819815822258446
600004,2024-01-12,12.849338589876737,12.723806496345992,12.863862021715265,12.658863489530301,1317.584750969495,16985.640058444267,2.0,-0.12553209353074557,2.8330865854401166,-0.9769537369779147
600004,2024-01-15,12.705395669673793,12.101216094642238,12.762393053438494,12.051637832959848,1130.5349279957325,18213.50828198737,2.0,-0.6041795750315551,1.1953376748227122,-4.7552991716240385
600004,2024-01-16,12.097611892413395,12.35167846646994,12.458430408383862,11.996730781260283,1477.3877789601147,11472.765848107945,2.0,0.2540665740565444,2.7145263971416673,2.1001382447710437
600004,2024-01-17,12.26517053381035,12.98895978725299,13.082641588226883,12.26065379390186,1785.0487345613083,12012.253530185682,2.0,0.7237892534426393,1.392801751300198,5.901175621222965
600004,2024-01-18,13.002631806395312,12.83990262393284,13.052087736617294,12.833560333419623,1332.6497969101797,17282.830711065144,2.0,-0.16272918246247237,2.683659375167162,-1.2515095781027497
600004,2024-01-19,12.812002122221958,13.005043171074233,13.070832380588012,12.795751197830796,1780.7357154925605,12084.431334858125,2.0,0.19304104885227424,2.9513190588725147,1.5067203939769236
600004,2024-01-22,13.121505911528649,13.02101884411592,13.240613112958695,12.94150449700409,1973.134771342804,15707.36611785478,2.0,-0.10048706741272895,1.1163744587754598,-0.7658196253559568
600004,2024-01-23,13.01448762308201,13.471726170917533,13.508602669176259,12.889957914651474,1833.1041728794107,11784.079153828514,2.0,0.457238547835523,2.4815050194240085,3.513304258129857
600004,2024-01-24,13.384947708771545,13.444633785227778,13.475706738134518,13.31073616496667,1920.9644261326516,15986.1112922045,2.0,0.059686076456232584,2.329425908120693,0.4459193846317211
600004,2024-01-25,13.45222938556532,13.601515663456928,13.69477082869697,13.344419184882295,1323.4227267385677,12547.797950708911,2.0,0.14928627789160842,2.5396265649660794,1.1097512063821702
600004,2024-01-26,13.590919566404526,13.300546203245542,13.700695754187757,13.2997617959643,1150.464520795259,13629.60413778859,2.0,-0.29037336315898443,1.8933163515762728,-2.136524771118209
600004,2024-01-29,13.262901764032547,13.380250045075451,13.45240801574321,13.18243038000576,1744.3881824019493,19447.603722060783,2.0,0.11734828104290429,2.873103067296382,0.8847858721319879
600004,2024-01-30,13.410151343124172,13.21299820210788,13.444880035429629,13.137650083346683,1215.204702962713,13083.759101825224,2.0,-0.1971531410162921,2.632851778993354,-1.4701783445373207
600004,2024-01-31,13.236937762879462,11.979949454111003,13.25608869845687,11.910086716947466,1917.1575716188936,19410.242686986152,2.0,-1.2569883087684595,1.1816798995790225,-9.496065716146596
600004,2024-02-01,11.891464506360386,11.42152056824336,11.943379480395091,11.387332933294774,1412.6976367695138,15727.024402017518,2.0,-0.4699439381170265,1.3012980879113687,-3.9519433276336002
600004,2024-02-02,11.41153052864559,11.319383819970048,11.4431753746851,11.300461862635824,2001.6850605706004,16770.97795686536,2.0,-0.09214670867554275,2.45447567172245,-0.807487728698908
600004,2024-02-05,11.344715341299084,11.032644059778516,11.374255929507786,10.962722037653556,1057.780036821639,11283.938137651503,2.0,-0.3120712815205682,2.136179330629014,-2.75080750933
600004,2024-02-06,11.047064651281394,10.960564267576645,11.130404167429484,10.906603254777213,1280.5522260816258,15932.330649903874,2.0,-0.08650038370474888,2.65933965065143,-0.7830169048093305
600004,2024-02-07,10.924021621825698,11.046257922979931,11.077644001619081,10.860225291216151,1907.2306823340114,11421.204673983659,2.0,0.12223630115423312,2.4975432679517118,1.118967953249106
600004,2024-02-08,11.035511040805648,10.754792188811612,11.061886315438013,10.725951408778936,1137.5362502204962,13841.910880205107,2.0,-0.28071885199403646,2.6086675646029738,-2.543777546468229
600004,2024-02-09,10.787607948522844,10.574231360535615,10.88164528709463,10.521817197588284,1257.7599620317903,17720.59588083429,2.0,-0.21337658798722892,1.7211692241615295,-1.977978704875405
600004,2024-02-12,10.527365469976736,9.86471888121967,10.589949779855647,9.833247049202296,1969.9371897941526,11557.176764299116,2.0,-0.6626465887570667,1.8324057328924037,-6.294514906382664
600004,2024-02-13,9.87242837079946,10.093375650415561,10.158549365604367,9.778418008876558,1895.466862994587,10639.354011901285,2.0,0.2209472796161016,2.5929582217162044,2.238023628204955
600004,2024-02-14,10.116251681801115,10.522247869946241,10.568805540889665,10.10995324953228,1864.7340916119942,11068.37361635763,2.0,0.40599618814512617,1.3384130283731148,4.013306518218629
600004,2024-02-15,10.454849240097403,10.612051106300079,10.704099645499488,10.358358512285825,1187.239911596882,11467.73927802125,2.0,0.1572018662026764,1.7693471367081086,1.5036263325516108
600004,2024-02-16,10.535758349650921,10.560323077972713,10.57565315015171,10.46857413613817,1221.451738816369,16149.944169057668,2.0,0.024564728321792018,1.4474807665586746,0.2331557682566432
600004,2024-02-19,10.537621002660526,10.844627954905999,10.946549759589942,10.460081416541632,1977.7602599279633,14231.766572903216,2.0,0.30700695224547303,1.3871781564043133,2.913437028793875
600004,2024-02-20,10.800258728362614,10.787413066549847,10.865360325122866,10.72493283539602,1215.8786508908963,18989.47959006758,2.0,-0.012845661812766807,2.524828113506666,-0.11893846375210515
600004,2024-02-21,10.821968411068934,11.160807355914159,11.231294265969236,10.762887762746775,1708.5351820594933,17692.37236849704,2.0,0.33883894484522514,2.0226886008316702,3.131028773828737
600004,2024-02-22,11.116481903606287,10.765922428283076,11.21325101156367,10.686279588141005,1327.4077776379538,17248.988954785716,2.0,-0.35055947532321063,2.0721992313045186,-3.1535109611385725
600004,2024-02-23,10.714690348485114,10.88288844403716,10.884860100271492,10.632135650447836,1296.5404319028926,10639.340346501114,2.0,0.16819809555204657,2.673313535475372,1.569789607366734
600004,2024-02-26,10.818212220165385,10.296908000349774,10.91714423209051,10.209139027435253,1276.683757030584,14580.516852753488,2.0,-0.5213042198156117,2.8844931470564283,-4.818764960479227
600004,2024-02-27,10.23127134695268,10.651947885311571,10.692776354172915,10.1536207435267,1224.8815715280405,10356.784198418487,2.0,0.42067653835889196,1.0691665045348424,4.111674141886468
600004,2024-02-28,10.689464733650858,10.489013694754682,10.759661524479782,10.45798558422752,1574.0744633338086,11991.82384216771,2.0,-0.20045103889617621,1.8881761555634833,-1.8752205455634163
600004,2024-02-29,10.456615025804268,10.072557963830368,10.546783781493147,10.03618614624757,1981.644124674509,11955.185495640373,2.0,-0.3840570619739001,1.4009322619809264,-3.672862212352135
600004,2024-03-01,10.100619165907213,10.695068987155452,10.791421072825411,10.031875117923475,1347.3688348048559,18452.331024361207,2.0,0.5944498212482383,2.2951933042531714,5.885281005888188
600004,2024-03-04,10.688517916728907,10.89735275955368,10.9870758097032,10.665319891151043,1730.8721479868618,10226.750212309631,2.0,0.20883484282477305,2.811681907036867,1.9538241358787456
600004,2024-03-05,10.923401940283435,11.449041542735252,11.475820155225042,10.851325735822776,1353.6504728736973,19266.734081051138,2.0,0.5256396024518164,2.7771590238660933,4.812050360550746
600004,2024-03-06,11.458125131094066,11.42878544765319,11.463559991604932,11.4181594165966,1399.9988552655445,17969.601390621614,2.0,-0.029339683440875675,1.0000834166843469,-0.2560600718284678
600004,2024-03-07,11.48750438061146,11.725471581817006,11.801549332875663,11.438305223877636,1658.4217363655898,12152.21431324257,2.0,0.23796720120554582,1.6648189025075053,2.071530885395667
600004,2024-03-08,11.778346761513946,11.533686347189038,11.869280064663018,11.508110064494087,1304.7428905572665,13655.278743235776,2.0,-0.24466041432490826,2.087316467421311,-2.077205054994158
600004,2024-03-11,11.493927225743969,11.52378588947257,11.62921805818009,11.466474796549774,1618.9316177006824,17239.812839971448,2.0,0.029858663728601798,1.2521479125720723,0.25977773429541884
600004,2024-03-12,11.581685906366241,11.256239807165679,11.66214276577574,11.164759041311969,1228.7216108517493,17071.732689170753,2.0,-0.3254460992005619,1.160524639602949,-2.8100062618834243
600004,2024-03-13,11.288551893770416,11.204216768948596,11.323314229645185,11.156758536775628,1144.1795179699457,12183.3752613021,2.0,-0.08433512482181982,1.008944031120538,-0.7470854155204765
600004,2024-03-14,11.223013814624682,11.612736086379435,11.617211231492893,11.132112915553506,1806.518423885126,15798.116154358726,2.0,0.3897222717547528,2.9028309088446944,3.472527773661893
600004,2024-03-15,11.596973846848366,11.6954815553796,11.74492313220569,11.558849306810131,1355.978228436519,18989.17327703298,2.0,0.09850770853123336,1.8570286198913388,0.8494259781227642
600004,2024-03-18,11.65762983703435,11.680884530352545,11.744973051511257,11.54324826964218,1885.924279001123,16509.942144036497,2.0,0.023254693318195407,1.3148901613736386,0.1994804573766773
600004,2024-03-19,11.751419944287028,12.229097918820278,12.261304808128617,11.66157938109307,1433.3674312581395,11755.092066107438,2.0,0.47767797453325045,2.853766781297869,4.064853241547839
600004,2024-03-20,12.247702115185511,12.352143297405288,12.418004511870455,12.216882734159698,1096.5727350527304,15557.68494964705,2.0,0.10444118221977661,2.0213346664941216,0.8527410385845702
600004,2024-03-21,12.372422369484466,11.924606336980162,12.409514794767711,11.851986758072938,2056.780583671391,14655.657984382875,2.0,-0.4478160325043046,2.2508076561579853,-3.6194693256577204
600004,2024-03-22,11.86950782132161,11.433336295737297,11.953013886128527,11.37110161452148,1896.79329212598,10870.619461648625,2.0,-0.4361715255843137,1.889177709960962,-3.674722929966845
600004,2024-03-25,11.43940654425972,11.283581772446606,11.520621534814348,11.282947484993269,1217.9075226791165,15575.721652588858,2.0,-0.15582477181311383,2.8890971413452395,-1.3621753122438518
600004,2024-03-26,11.23129236723993,10.998240539869096,11.235070380302858,10.934475238888695,2015.7897465150645,12080.524985842188,2.0,-0.23305182737083463,1.4509510942950612,-2.0750223549572344
600004,2024-03-27,10.972923692201597,11.51606133669208,11.563318269900487,10.947892440418794,1193.4223002307515,14261.687800339565,2.0,0.5431376444904821,1.3520799580533698,4.949798793155624
600004,2024-03-28,11.37756627245602,11.190958725221169,11.465060960780978,11.081308796079373,2042.6990038441636,15265.630241485542,2.0,-0.18660754723485162,2.303449838339296,-1.6401358846540925
600004,2024-03-29,11.20429164740854,11.363149162612965,11.47217470996933,11.110794015514333,1413.6342340241172,13051.739128103076,2.0,0.15885751520442426,2.431964889272662,1.4178273843948652
600004,2024-04-01,11.439327168079593,10.847262679961402,11.54230558754938,10.75270833203332,1527.3079838268416,13249.439218232772,2.0,-0.5920644881181918,1.8780428948396564,-5.175693285268512
600004,2024-04-02,10.847270360285092,11.411952929285192,11.505716799365805,10.740100050318683,2037.3643122825338,18862.34727918313,2.0,0.5646825690000998,1.8832215011982698,5.205757303400138
600004,2024-04-03,11.376420687350317,11.645640562502932,11.6489862367337,11.364929227103545,1093.8726234229173,16657.187417960504,2.0,0.2692198751526149,1.21363732576829,2.3664725712188694
600004,2024-04-04,11.56016389641184,11.467564280641202,11.565389011140217,11.45477654194922,1251.3842868230647,17988.28632836995,2.0,-0.09259961577063791,1.4034061058819056,-0.8010233816787005
600004,2024-04-05,11.50904384998595,11.9306299401693,12.023662836217204,11.506024652456837,1154.4303642362966,12688.733544618004,2.0,0.42158609018335014,1.8457035708082712,3.6630852717088658
600005,2024-01-01,15.113605046801641,15.135262065534352,15.21870576825578,15.06537722011825,1502.1169445394644,12741.009808107627,2.0,0.021657018732710753,2.937497907196293,0.14329485695601107
600005,2024-01-02,15.265708276278515,14.98085499252173,15.348511646827578,14.921136539050073,1951.668306321807,15948.12718983558,2.0,-0.2848532837567852,2.5737840313665448,-1.8659683429128604
600005,2024-01-03,15.103696414100382,14.551798405440215,15.168336560790825,14.425553743164274,1847.6218849369943,11056.36155992815,2.0,-0.5518980086601672,1.592178759506416,-3.654059201990656
600005,2024-01-04,14.52521715917816,14.017671264270515,14.621950934747046,13.896158938652409,1162.22653397502,17337.696140679305,2.0,-0.5075458949076452,1.6876682731058494,-3.4942396340486903
600005,2024-01-05,14.05905457334263,13.398200529712454,14.118770088051884,13.386377194901007,1438.78554379488,15613.511351640575,2.0,-0.6608540436301755,1.813960952677868,-4.700558207400518
600005,2024-01-08,13.478139145961356,13.104745767571014,13.577125402423276,13.024926231456877,1207.480828310669,11863.949320944192,2.0,-0.37339337839034137,2.894394500437782,-2.7703629881445924
600005,2024-01-09,13.080284519894944,13.971732315014568,13.99606446998721,13.05800032149236,1586.9606890302784,15564.772651518157,2.0,0.8914477951196247,1.3137335817905804,6.815201869376342
600005,2024-01-10,13.877521272756502,13.679671475883612,14.014855089314205,13.621570456737645,1231.671700500099,10205.756884840972,2.0,-0.19784979687288917,2.2134906037132076,-1.4256854158912091
600005,2024-01-11,13.610599788878005,14.031307436804271,14.114788164140183,13.584503578994223,1732.191920308791,13331.345343249524,2.0,0.4207076479262657,2.414755195642633,3.091029450958138
600005,2024-01-12,14.053636631009358,13.56298897763126,14.096519284845652,13.514030267683768,1130.7067194026297,10978.166102352685,2.0,-0.49064765337809746,1.6694031551454005,-3.491250458941586
600005,2024-01-15,13.554228475437396,14.204245003852085,14.258842991058177,13.519446634350064,1523.658691453673,13700.004625549027,2.0,0.6500165284146888,1.258845619656034,4.795673391463273
600005,2024-01-16,14.247332580267898,13.896343071512762,14.329189330579569,13.790358106710686,1350.8838260138773,19275.520922359457,2.0,-0.350989508755136,2.7257393107820125,-2.4635454165030546
600005,2024-01-17,13.956592887183655,14.221547633827674,14.342906315183619,13.950003147222924,1198.3355973403977,11091.004949302223,2.0,0.26495474664401897,1.7900845728996873,1.8984199710183391
600005,2024-01-18,14.18489421816618,14.37266684727356,14.503029796989196,14.153587482215464,1762.1228472232422,14432.498218280136,2.0,0.18777262910738024,2.2080522496305464,1.3237506478328553
600005,2024-01-19,14.468125752211229,14.920563716110632,14.975906507814004,14.33401922106673,1360.5549071379278,18117.590323190718,2.0,0.4524379638994027,2.3598786142155133,3.1271359652804698
600005,2024-01-22,14.915580042522821,14.964835061113984,15.070868966926977,14.890518810725204,1484.5122443165076,18512.581025819287,2.0,0.04925501859116288,1.6020457002597832,0.330225297646769
600005,2024-01-23,14.933056498243822,15.712744392924947,15.723425524639708,14.823358495682596,1384.700100812493,18658.853419545936,2.0,0.7796878946811248,2.955358473082133,5.221221086070482
600005,2024-01-24,15.623395340324628,16.25865398408254,16.337497322763248,15.5036858167993,1523.1761382111872,15565.940982003616,2.0,0.6352586437579113,1.2183699606420404,4.066072898496542
600005,2024-01-25,16.305980982962065,16.37823024606241,16.49569216348505,16.183600598864,1130.5054797853709,16400.900752584646,2.0,0.07224926310034618,1.6804823222028233,0.44308443126384045
600005,2024-01-26,16.316237884548773,16.247754949418745,16.42578081971242,16.208094134575333,1867.7058684718781,13240.13163454276,2.0,-0.06848293513002801,1.4825996435712399,-0.4197225831996554
600005,2024-01-29,16.105341324315596,15.462529933852947,16.166198429224256,15.44055810608839,1489.8044421552256,17493.073766650527,2.0,-0.6428113904626489,1.3299755174864174,-3.9912931835362153
600005,2024-01-30,15.454386473095735,15.663340715528584,15.709358927405926,15.347385003731956,1594.2631441372741,16777.960077550084,2.0,0.2089542424328492,2.4677915585778445,1.3520707716001112
600005,2024-01-31,15.711207345068473,16.16171682580468,16.211344572290617,15.60170048403183,1053.108607420064,17425.556678703022,2.0,0.45050948073620845,1.5124967257476127,2.8674402344872396
600005,2024-02-01,16.175311253630944,15.64660302909493,16.28261926912206,15.570770990834415,1548.187386502244,19161.455357710183,2.0,-0.5287082245360146,2.1324281200404815,-3.2686123700855108
600005,2024-02-02,15.608170941274368,16.28530847393687,16.33561585059447,15.597548647613353,1999.3345344360005,12214.865255638168,2.0,0.6771375326625009,2.7025123817615158,4.33835287433888
600005,2024-02-05,16.237610870390053,16.12712876766499,16.3540450511885,15.978722843139076,1305.176276534245,20010.48482873801,2.0,-0.11048210272506509,2.494565333613087,-0.6804086118761044
600005,2024-02-06,16.146767035911175,16.27814290732987,16.339642899005057,16.087611985815528,1059.3900161501579,13302.57258854421,2.0,0.1313758714186939,2.402325968998699,0.8136357645249115
600005,2024-02-07,16.371720595261287,15.693844179669306,16.477553213386944,15.640045997476275,1773.820881336414,17074.628001303583,2.0,-0.6778764155919816,2.7784286912290836,-4.140532521598184
600005,2024-02-08,15.696470876000499,16.295679758120254,16.402291410469058,15.562480197007504,1495.9800378103123,13464.751992364041,2.0,0.5992088821197559,2.2956476046645378,3.8174751946052465
600005,2024-02-09,16.24080919914433,15.820104026870643,16.3284088853852,15.734285715805205,1176.2036704811342,11253.528180638248,2.0,-0.42070517227368676,2.599171048746192,-2.590420016115036
600005,2024-02-12,15.802766565020015,15.688357684008949,15.85004638738162,15.57686967935595,1792.2083708091154,13092.04062286127,2.0,-0.11440888101106594,2.847727153942051,-0.7239800736177027
600005,2024-02-13,15.653070666438031,15.716070738198178,15.838448024022362,15.57045684379577,1505.6421387572573,12732.141906993094,2.0,0.06300007176014688,2.6370005180093736,0.4024773994998121
600005,2024-02-14,15.824285013822298,16.383548462838526,16.401085252595486,15.79750239348565,1789.8619120493486,18053.14024188581,2.0,0.5592634490162283,1.462242544697427,3.534209909185271
600005,2024-02-15,16.34172136683226,16.11169273944914,16.392234868844774,15.975698045100511,1397.6350184345501,16404.346511968197,2.0,-0.23002862738312047,2.7875633171227716,-1.4076156496585113
600005,2024-02-16,16.118042063976212,16.291940130608978,16.414592954393076,16.093008803584233,2024.2622383613696,14189.708374661273,2.0,0.1738980666327663,2.9400300275107347,1.0789031691474937
600005,2024-02-19,16.377326074179145,16.359909689881118,16.39804034412099,16.241613939653725,1748.4508473831443,13510.272197869306,2.0,-0.017416384298027054,2.839675006907995,-0.10634449249615763
600005,2024-02-20,16.377956475854308,16.48940246239445,16.6262302937325,16.331290198058927,1419.1169990457292,17689.336480291677,2.0,0.1114459865401436,2.790177644730689,0.6804633209548827
600005,2024-02-21,16.52708016801708,16.990102096482833,17.124890150985404,16.36521336349522,1455.5546010251662,18594.090668423843,2.0,0.4630219284657535,1.8939832112261923,2.8015954648891173
600005,2024-02-22,17.01563617706986,16.7336462545761,17.127785716224285,16.59825607749914,1366.0222950373543,12384.589013061335,2.0,-0.28198992249376076,2.862270689616537,-1.6572399618755895
600005,2024-02-23,16.704907371911965,17.104096613867195,17.1319395376465,16.6600016802776,1541.2950633772534,10503.810221900487,2.0,0.39918924195523076,1.0083065934026325,2.3896525318448436
600005,2024-02-26,17.145726965679454,17.594527893474773,17.59956045266253,17.059700670967146,1050.034969981427,11042.85460312745,2.0,0.4488009277953182,1.7904261896875868,2.6175672148149864
600005,2024-02-27,17.600406010813817,17.496417658955576,17.676867798140428,17.454524988165176,1086.0617110933204,12462.390712235647,2.0,-0.1039883518582414,2.375561359127734,-0.5908292785652192
600005,2024-02-28,17.437511868643924,17.566139805735073,17.59863187123774,17.37881003660683,2032.435326442616,12297.247052241435,2.0,0.1286279370911494,1.111481830977485,0.7376507500616913
600005,2024-02-29,17.731811131426078,17.715347175700842,17.814494548844966,17.660362262945146,1574.252689253612,15332.680050286457,2.0,-0.016463955725235735,1.9398731949058592,-0.09284982567887567
600005,2024-03-01,17.73985860389082,16.970985865383497,17.896094407550542,16.85516116390817,1431.135265090779,13710.367729582727,2.0,-0.7688727385073229,1.1189000641000515,-4.334153702548049
600005,2024-03-04,16.878570383092516,17.330999829351637,17.384857705295353,16.722286088202768,2012.1176271573192,11682.41969197944,2.0,0.45242944625912074,1.5175253110660252,2.680496250513764
600005,2024-03-05,17.380364666752957,18.020859301623517,18.091423625318768,17.30701851849216,1268.0428574936745,17994.86971734008,2.0,0.64049463487056,1.232566683928765,3.6851622342295665
600005,2024-03-06,18.11411642975937,18.78250798711483,18.830998433315397,17.989223329321163,1762.8383405568875,13571.064979093167,2.0,0.6683915573554593,1.5924378632819678,3.6898932384986205
600005,2024-03-07,18.773007412579336,18.848132311978347,18.86484600564312,18.606206446574344,1474.5673363626317,19195.678109807573,2.0,0.07512489939901101,1.3897724684945763,0.4001750904794932
600005,2024-03-08,18.758602915752235,18.114103150225446,18.92223836379092,18.039735465174005,1447.0576049597412,14336.492616864645,2.0,-0.6444997655267883,2.2002618159218432,-3.435755681920105
600005,2024-03-11,18.200193112558946,18.249874815458146,18.30278706287362,18.022143661684435,1097.1918213419715,11967.719023464284,2.0,0.04968170289919982,1.6200856356661628,0.2729734931489203
600005,2024-03-12,18.43014730102069,19.202424959023258,19.316934505577176,18.332852324337583,1824.1313529776867,13587.857304730536,2.0,0.7722776580025688,2.137568618863341,4.190295635671881
600005,2024-03-13,19.209767009615874,20.022286339262493,20.17398971149169,19.123963890122752,1217.6180582773418,10704.341275354942,2.0,0.8125193296466193,2.7203072234714654,4.229719856778558
600005,2024-03-14,20.163613877063156,20.393968977560558,20.596388873035504,20.153786350429968,1477.7995326870791,17653.785971040114,2.0,0.23035510049740182,2.258046256394005,1.1424296353911068
600005,2024-03-15,20.605354335017683,20.568474692622758,20.792448943611834,20.36323386286304,1470.2437263755226,16166.048518029475,2.0,-0.03687964239492558,2.337194227920981,-0.17898086970652427
600005,2024-03-18,20.49134936188349,21.520120208312672,21.528333717211215,20.44804315971691,1467.4613107311588,14537.065333793451,2.0,1.0287708464291825,1.7932270141916236,5.02051294065986
600005,2024-03-19,21.508253655767444,22.058362942860832,22.09363059899791,21.419613903807367,1142.9334454997859,15085.97998485251,2.0,0.5501092870933881,1.7315002164165125,2.557665982081603
600005,2024-03-20,22.230637802490026,21.82216603378157,22.249440872632448,21.806333722124307,1186.7805657859253,16289.465171864358,2.0,-0.4084717687084556,2.2723890193131115,-1.837427123493074
600005,2024-03-21,21.78276545304556,20.895768828801362,21.88327635849813,20.889594428837945,1994.9426313240026,17441.980699433392,2.0,-0.8869966242441976,1.305775157128217,-4.072011086729033
600005,2024-03-22,20.966500863333774,20.98216369063169,20.98837810710412,20.8161276262206,1758.410480727448,14375.1176300105,2.0,0.015662827297916238,2.6938893707053255,0.07470405958538429
600005,2024-03-25,21.21483626169819,20.32696133359315,21.356474686692334,20.286311847789303,1998.7189037765074,13093.595824964346,2.0,-0.8878749281050382,1.5886025747046848,-4.185160409218103
600005,2024-03-26,20.060934748157262,19.319845241702556,20.118875311725446,19.18982451528807,1084.7461445084496,19196.36249413945,2.0,-0.7410895064547063,1.250478669252526,-3.6941922984061404
600005,2024-03-27,19.30623866499615,19.468088906879306,19.644009004566403,19.265768715678234,2039.5035281269843,14311.313295079715,2.0,0.16185024188315467,1.8343695211965858,0.8383313015631666
600005,2024-03-28,19.5016158765594,21.030009852346787,21.194092830545447,19.388713244013392,1803.3790133311243,12113.133928358213,2.0,1.5283939757873881,1.6080299333611867,7.837268385664853
600005,2024-03-29,21.11319706363421,20.134965198395264,21.308734590845074,20.12035858003474,1069.5089451270542,15960.446364929005,2.0,-0.9782318652389463,1.6713551957278745,-4.633272082340733
600005,2024-04-01,20.200792213475907,20.053813062721975,20.39634855986403,19.945408167863203,1993.3529855959134,14285.347480217497,2.0,-0.14697915075393198,1.0188909215418687,-0.7275910231673066
600005,2024-04-02,20.044842997545633,20.401605787064717,20.51684556951782,19.91938728983514,1353.0091069871673,18081.013887008306,2.0,0.3567627895190846,1.8950630094391585,1.7798233169637134
600005,2024-04-03,20.411645607703427,21.503281243982162,21.65774330302337,20.26677381455238,1904.23712164373,10668.829290698299,2.0,1.0916356362787347,1.4210130094318671,5.348102045563374
600005,2024-04-04,21.552087762368984,20.940894098299076,21.58188482383351,20.762395084687697,1988.614800957143,14861.987653164557,2.0,-0.6111936640699085,1.683642510878372,-2.835890753642356
600005,2024-04-05,20.880081850725198,20.878251283318622,21.068126885783744,20.728289959250745,1430.612709583983,18001.188156584056,2.0,-0.0018305674065750566,2.226721925132491,-0.008767050913216501
600006,2024-01-01,15.954601121801112,16.524436026356234,16.591231844441275,15.844879081243494,1402.7237769907374,11459.757479062238,2.0,0.5698349045551225,1.5113243174106066,3.5716023246515016
600006,2024-01-02,16.546852370347022,14.99488871150526,16.585103884596567,14.847545429002523,1910.632840166543,12184.94602257319,2.0,-1.5519636588417622,1.1375883572568037,-9.379207743600693
600006,2024-01-03,15.004124277522253,15.313683436306158,15.379642109612906,14.885598980017582,1654.2144156068691,17782.8979775074,2.0,0.3095591587839053,1.398044781395858,2.0631604554732785
600006,2024-01-04,15.340898657624567,15.631358830093843,15.659664302869626,15.255086321923766,1764.0489271689619,10065.689680058922,2.0,0.2904601724692757,1.9126338868706123,1.8933713008065123
600006,2024-01-05,15.653027035056967,15.609333316571673,15.693103440459662,15.571217403274192,1054.090973411565,12236.764299524886,2.0,-0.04369371848529369,1.7366194651553346,-0.2791390980634967
600006,2024-01-08,15.634422676183991,15.124880028525359,15.760321922246554,14.991914867386228,1908.6887619138406,11990.266479749109,2.0,-0.5095426476586322,1.0229479127623464,-3.259107536057737
600006,2024-01-09,15.11072574810466,14.980096687613631,15.24374117115577,14.831914181959073,1819.907980500077,13478.297510798619,2.0,-0.13062906049102807,1.376984761688418,-0.8644790638690059
600006,2024-01-10,14.87020864088502,14.198923102076332,14.901430559419902,14.181873621131976,1558.7886060407732,18184.14561970025,2.0,-0.6712855388086876,1.6733052751042516,-4.514298050687837
600006,2024-01-11,14.205154529717621,13.778535013981978,14.305136155745602,13.680166866157833,1785.3100634814632,16695.691866513982,2.0,-0.42661951573564316,2.6669200535640165,-3.0032726137765087
600006,2024-01-12,13.689219639538997,13.984389141416015,14.010122436446776,13.656620464871517,1531.9675915684493,13567.604979128735,2.0,0.29516950187701774,1.8658151020752716,2.1562186132544126
600006,2024-01-15,13.895158174873089,13.287232903769402,13.954595133400797,13.193491893750695,1464.490053659104,19314.96598941703,2.0,-0.6079252711036869,2.7423970407239078,-4.375087087551199
600006,2024-01-16,13.233172089605254,12.971671871391148,13.269006003138426,12.964885335698634,1025.3918903704136,15682.701902755638,2.0,-0.2615002182141062,1.9016646684821952,-1.976096256010429
600006,2024-01-17,12.947440592875344,13.030467976670701,13.12905887200125,12.828187500701764,1577.7924102514194,16216.839233253237,2.0,0.08302738379535768,2.3449917893709236,0.6412648368593121
600006,2024-01-18,12.93068179386187,13.113510952970277,13.218241806417915,12.918172094001266,1903.561014374464,15514.307524924025,2.0,0.18282915910840636,1.0434050159106656,1.4139173944810457
600006,2024-01-19,13.077731463867488,13.366534033990913,13.488709939703691,13.041922821022812,1194.2724078652736,16715.45391881068,2.0,0.2888025701234245,1.4057614656393032,2.2083537264957487
600006,2024-01-22,13.423214258502236,13.57381737999457,13.698582933607833,13.315063902086992,1492.719349413186,16134.358481597214,2.0,0.1506031214923329,1.9854558885151203,1.1219601996365514
600006,2024-01-23,13.600804916056155,13.238203073726616,13.706484145306963,13.132288916030463,1968.6799146986284,13423.176862593085,2.0,-0.3626018423295392,2.6097048774622036,-2.6660322280005366
600006,2024-01-24,13.206651207802064,12.94322458567886,13.286597261205063,12.88110424811888,1477.653385055252,10128.962669811091,2.0,-0.26342662212320356,1.8157022920132238,-1.9946511646160459
600006,2024-01-25,13.021718366842174,12.65810570277455,13.075959576624484,12.544458040975526,1403.332315593616,12592.750556513107,2.0,-0.3636126640676238,1.861834538598501,-2.7923554620372437
600006,2024-01-26,12.541627139091512,12.857281405918956,12.959972104365463,12.518570766660266,1865.3491913383557,15420.005082271684,2.0,0.315654266827444,2.518466716711984,2.516852584809892
600006,2024-01-29,12.903036711667012,13.073510278726733,13.082199605080055,12.813493569286424,1205.461722925286,13346.884526368798,2.0,0.17047356705972128,2.0142765087379813,1.3211895065413426
600006,2024-01-30,13.022668779525727,12.412390234904272,13.06203561125792,12.384813034647049,1684.1623534047478,13112.304020169675,2.0,-0.6102785446214547,2.1351033915500492,-4.686278634230002
600006,2024-01-31,12.474658361265714,12.116920657656241,12.57951690677315,12.091915823988659,1370.9016079995145,10831.589479065622,2.0,-0.3577377036094731,1.368435124050284,-2.8677154375646996
600006,2024-02-01,12.107714536497795,11.98686881945977,12.211498993752622,11.933651093339567,1704.4028166018047,13173.849053116099,2.0,-0.1208457170380246,2.7589918618139917,-0.9980885878482226
600006,2024-02-02,12.002922449935488,12.12463591453309,12.196951497323148,11.982158097101122,1868.1604282397136,17552.12883439844,2.0,0.1217134645976028,2.011580028446006,1.0140319168541856
600006,2024-02-05,12.165367604522176,11.907962386391121,12.194337743607663,11.8596199008335,1598.8499166820518,18963.79111932368,2.0,-0.2574052181310549,2.893922767944538,-2.1158852448928123
600006,2024-02-06,11.918696944130945,12.639591323545858,12.72588689886713,11.88349061599851,1502.70523613426,10375.748876316502,2.0,0.7208943794149132,2.8552116307283484,6.048432834512996
600006,2024-02-07,12.807720728059667,12.881332962730033,12.99518950704505,12.781893255037273,1925.0351110908757,12589.92585867802,2.0,0.0736122346703656,2.7357016724703644,0.5747489052372323
600006,2024-02-08,12.950783276371332,12.789061293338936,13.032256999253706,12.732378074602071,1630.4276430226414,17883.824113904746,2.0,-0.16172198303239682,1.1205086466048395,-1.2487428720041827
600006,2024-02-09,12.859885966395684,13.655729450827371,13.751332889669614,12.779691905421286,1239.8557028194275,17912.627862603767,2.0,0.7958434844316873,2.7838178294222056,6.18857341745731
600006,2024-02-12,13.71324516216594,14.393967777644383,14.47469042569363,13.643494253853829,1299.2115271812352,17165.76797939747,2.0,0.6807226154784427,1.9128472784223387,4.963979039450983
600006,2024-02-13,14.306051557181606,14.45390123094602,14.571255071757722,14.236812407752607,1716.7665045757267,11086.377692323349,2.0,0.14784967376441394,2.8694625675123424,1.0334764499726257
600006,2024-02-14,14.39133341744022,14.074168497294005,14.511197407492556,14.004205952572581,1208.1731950007634,18465.012509134664,2.0,-0.3171649201462152,2.028487159190969,-2.2038605523645005
600006,2024-02-15,14.03438394487555,14.219648012557679,14.265060267170853,13.931230590160704,1360.9966942860865,12662.678661714419,2.0,0.18526406768212844,2.569837125050772,1.3200726758638703
600006,2024-02-16,14.229365663463179,15.142213216330966,15.24928727914797,14.13473296039672,1633.5886252107985,11888.514842669298,2.0,0.9128475528677864,1.2567114340071424,6.415237154328746
600006,2024-02-19,15.110020643587797,15.685717934674269,15.767494821555402,14.983536091561886,1648.340347146439,16681.051199127305,2.0,0.5756972910864722,2.9821572476226192,3.8100364299024303
600006,2024-02-20,15.792411069705588,15.681286011547597,15.861194894319915,15.5759680862934,1489.3681216796726,16421.714203078718,2.0,-0.11112505815799167,1.7764223506978682,-0.7036611298141926
600006,2024-02-21,15.6624360286405,15.366998377206567,15.723487036147734,15.306753224747764,1868.1439558054185,11928.093891440378,2.0,-0.2954376514339323,2.06685239103746,-1.8862816160506002
600006,2024-02-22,15.528271096357916,15.097520338497311,15.561369137424805,15.036001324152705,1303.3397109969646,11014.22949913996,2.0,-0.43075075786060424,1.4272353445550547,-2.7739775741140615
600006,2024-02-23,14.938338215465512,15.262991124786522,15.406404868780255,14.912634972845387,2011.687152442873,13696.834683814304,2.0,0.32465290932101,1.627522067331268,2.1732866443263443
600006,2024-02-26,15.289098288774625,15.975423385339539,16.042340505256092,15.173500244977719,1258.4985349108354,11896.49279046185,2.0,0.6863250965649144,1.391392431014516,4.488983480921305
600006,2024-02-27,15.899562978694231,16.284364378770334,16.326793071264827,15.861537054060653,1330.171188394165,14556.98532169516,2.0,0.3848014000761033,2.1323901421829796,2.4202011123937606
600006,2024-02-28,16.248518492186317,16.215534938830775,16.312710016895473,16.105080407092114,1301.6446778368945,16981.21950734751,2.0,-0.03298355335554248,2.3955524783910507,-0.2029942198816692
600006,2024-02-29,16.12881228227941,17.1360997940984,17.201659642087805,16.042290085658415,1251.5626306428815,19940.597129083522,2.0,1.0072875118189906,1.3827337802861703,6.245267749353678
600006,2024-03-01,17.120133159343172,16.999911557600385,17.25536083543277,16.938878757108426,1438.7747472664316,10577.616474410694,2.0,-0.12022160174278795,1.8839894312374823,-0.7022235202486016
600006,2024-03-04,16.995906634710586,16.41493013562586,17.112553492501018,16.397217997284013,1529.4471444726944,19511.6653582261,2.0,-0.580976499084727,2.4762237113719188,-3.418331905273031
600006,2024-03-05,16.494690155249597,16.248423159942675,16.53170258729032,16.215008718923468,1820.7290027431272,16396.545848840033,2.0,-0.24626699530692164,1.7670271526404828,-1.4930077072623615
600006,2024-03-06,16.261269399464346,16.152153813293648,16.29628979828527,16.0638780664192,1153.0741067558463,13953.78508427789,2.0,-0.10911558617069872,2.463178700025523,-0.6710151802435171
600006,2024-03-07,16.139607489029167,16.005900606737235,16.2521946097491,15.92147270436047,1712.5151908660246,11177.48994662827,2.0,-0.13370688229193206,2.087615024992981,-0.8284394919939597
600006,2024-03-08,15.991726667080775,16.059165648437354,16.209692440343883,15.84393490843952,1139.347473318291,19827.891774454372,2.0,0.06743898135657922,2.6806240816575797,0.4217116935559151
600006,2024-03-11,16.121557447500493,17.214991673783672,17.379023625454447,16.113945189882287,1755.1033965048505,17915.177162879132,2.0,1.093434226283179,1.9788890128655845,6.782435443001855
600006,2024-03-12,17.199643757591716,17.09154015294144,17.28060568006661,17.08909452950545,1296.5317808199509,15328.385677254875,2.0,-0.10810360465027458,2.7702906967831584,-0.6285223471710455
600006,2024-03-13,17.080211937769388,17.8915871826463,17.965281261606204,17.077041337598583,2009.300800529457,15825.072764077588,2.0,0.8113752448769134,1.8431736538331145,4.750381598501852
600006,2024-03-14,17.995707846875362,17.392486080855058,18.079786590047938,17.343008685229478,1579.387746376011,13509.850265637477,2.0,-0.6032217660203045,1.2939479045788012,-3.352031335211103
600006,2024-03-15,17.277000888380638,17.025340171291603,17.29786993267123,17.005900139042428,1281.8975036933148,10709.855188883272,2.0,-0.2516607170890346,1.2230688312550617,-1.4566227015609168
600006,2024-03-18,17.0403279065514,17.300283749130905,17.34271081792831,17.013544102927966,1587.6320689184306,17247.228895879158,2.0,0.25995584257950455,1.685025539628871,1.5255331000969763
600006,2024-03-19,17.186572908811215,16.452105834257434,17.19438489185236,16.296424040415484,1911.7896061193123,19269.96769418398,2.0,-0.7344670745537805,2.6422122454415327,-4.273493490824077
600006,2024-03-20,16.48301993357868,16.403973575329083,16.52924920131927,16.255562195637268,1450.0103762240678,16316.633873943993,2.0,-0.07904635824959882,1.2757432298567335,-0.47956235306473305
600006,2024-03-21,16.389974730428055,16.311033597854497,16.553489043091613,16.259635738780922,1157.6599148078287,11307.389751877392,2.0,-0.07894113257355784,2.4942508582881997,-0.48164279611122573
600006,2024-03-22,16.345391903611308,16.293628103444775,16.384161286823865,16.271352647797688,1192.4441199046116,10439.85770606163,2.0,-0.05176380016653326,2.226533453400755,-0.3166874215790205
600006,2024-03-25,16.212382938119756,16.78221418098865,16.803337886319852,16.19638882568949,1536.3657807519216,18929.450697335844,2.0,0.5698312428688936,1.8893471330185967,3.5147901763969758
600006,2024-03-26,16.79329296110917,16.88897426810633,16.960714251682983,16.69071929822342,1183.6918300478824,19472.155454511878,2.0,0.09568130699716093,1.5268657496885618,0.5697590533241259
600006,2024-03-27,16.85234509661202,17.402393927791312,17.502352849807522,16.75308036862469,1952.4723263953074,11674.369259806876,2.0,0.5500488311792928,2.0724713427012937,3.2639304976603833
600006,2024-03-28,17.443557606017126,17.84752481130688,17.962209218791596,17.376642410033313,1777.2891136219903,18082.22863220775,2.0,0.40396720528975294,1.66335443192432,2.3158533047777263
600006,2024-03-29,17.840922544025403,18.633769827193234,18.805699476733757,17.792720177283996,1995.4459990719865,18675.834297061017,2.0,0.7928472831678306,1.719563728630531,4.443981420867393
600006,2024-04-01,18.462998039787426,18.90243038803178,19.021880427984257,18.39624097507066,2055.779070519014,18197.88397916384,2.0,0.43943234824435606,1.7668423392740553,2.3800703834631065
600006,2024-04-02,19.0118271088149,18.62371903197241,19.18562095490427,18.57177611376599,1356.1397666556047,12598.747437840166,2.0,-0.3881080768424887,2.5117482404234037,-2.0414033570847145
600006,2024-04-03,18.688189893135867,18.92924774991471,19.07265347519696,18.532916583535588,1992.483909544177,16401.70479140461,2.0,0.24105785677884128,2.6141113069656363,1.2898940890331057
600006,2024-04-04,18.88897412973635,18.782487598487165,18.891106758421394,18.7113188702962,1713.1679169442316,15870.119782716029,2.0,-0.10648653124918539,2.620647713930336,-0.5637496801985997
600006,2024-04-05,18.607808258386992,18.616881108945993,18.749297944297652,18.44351685287945,2049.4415790863372,18364.171627726915,2.0,0.009072850559000756,1.906127656222293,0.048758297769491143
600007,2024-01-01,16.873004451421377,17.343115904815036,17.448915884997017,16.83631157841744,1190.9598233172362,11023.644543718721,2.0,0.4701114533936597,1.1900861886045218,2.7861751281293534
600007,2024-01-02,17.36061424542085,17.37498964949932,17.475460041451054,17.189756080226402,1788.8130137276976,12256.329520348088,2.0,0.014375404078467824,1.3770271357612698,0.08280469731800633
600007,2024-01-03,17.3980232812314,17.740125068953557,17.86190638092461,17.233060009160734,1734.525495238503,18017.08843991661,2.0,0.34210178772215727,2.817648713789192,1.966325611779185
600007,2024-01-04,17.848451408879466,17.427170047905346,18.01481570961596,17.267884044069334,1173.6964180075179,10165.495148697364,2.0,-0.4212813609741204,2.5007777606948665,-2.3603244411699253
600007,2024-01-05,17.281799405799347,17.989134844385724,18.001118945805175,17.156588936279885,1239.2053992075364,16295.897026802679,2.0,0.7073354385863766,2.2179040131399006,4.0929501724745965
600007,2024-01-08,18.13482412911506,18.35207162846799,18.36815954324133,17.971173827257918,1540.6441879071892,12265.988059432308,2.0,0.2172474993529292,1.7308238660693234,1.197957574918762
600007,2024-01-09,18.38577177738709,17.93646894668272,18.51611300653489,17.911166188259116,1906.4995198718293,10259.2864213997,2.0,-0.44930283070437227,1.5310793416319521,-2.4437528984068813
600007,2024-01-10,17.815359221276147,17.590346699251526,17.961622281797844,17.449639561051494,1499.6176564235413,12021.774918806554,2.0,-0.2250125220246204,1.3566801032490432,-1.2630254558992915
600007,2024-01-11,17.638229658446015,18.36848056464605,18.44884249601649,17.52554641501115,1914.180297397366,12014.846320363584,2.0,0.730250906200034,1.7259529407119216,4.140159870581761
600007,2024-01-12,18.453803369735994,18.12679343295943,18.58898847214482,18.04999925707024,1544.9928310576076,15554.832846799822,2.0,-0.3270099367765624,2.399467736567809,-1.772046283493267
600007,2024-01-15,18.14450305216851,17.862166720250002,18.15742887014214,17.68514317968554,1161.2581386351922,14318.546549630493,2.0,-0.2823363319185077,1.0750951597947436,-1.5560433433020604
600007,2024-01-16,17.833615976607206,17.436928803666685,17.921118070470307,17.41276576469047,1390.9648479638804,13356.411669223999,2.0,-0.3966871729405206,2.6544528227922246,-2.2243787993464936
600007,2024-01-17,17.513089648623062,18.12693417965393,18.27402012601821,17.353884416325084,1219.7011724182455,16820.13808213576,2.0,0.6138445310308676,1.2648878912443071,3.5050613189725244
600007,2024-01-18,18.27237945329983,17.532185854100014,18.29874380155898,17.391626121513703,1636.0290943059636,15568.523814705353,2.0,-0.7401935991998165,1.0301052808036604,-4.050887850110529
600007,2024-01-19,17.556560898821353,18.072492730753417,18.09730786502632,17.452878336165,1277.7060614657094,18761.45068736622,2.0,0.5159318319320647,1.3480621336973715,2.9386839193927816
600007,2024-01-22,18.19783119925368,18.254605649036478,18.317334173270364,18.020645740795427,1707.0908474617543,15534.480687252455,2.0,0.056774449782796665,1.2165590193989138,0.3119847038977053
600007,2024-01-23,18.269808063713526,18.55648313830919,18.686279726668168,18.249057332174868,1424.5953236389944,14992.847480874425,2.0,0.28667507459566366,1.1721899785859338,1.5691192463320958
600007,2024-01-24,18.507760730248627,19.181093129985506,19.29628320797053,18.437492517393114,1444.9453124154911,11365.351133108852,2.0,0.6733323997368785,2.3905053528411564,3.638108410578278
600007,2024-01-25,19.056448053607607,19.303517006154053,19.40236213451938,18.899492303615755,1329.9579933116227,16577.76564674459,2.0,0.24706895254644579,1.0455138221054399,1.296511038423409
600007,2024-01-26,19.178324321030757,18.98944328626012,19.22160281982928,18.84172315836946,1401.0492907869077,15594.452548220463,2.0,-0.18888103477063822,1.9217865317287302,-0.9848672470488595
600007,2024-01-29,18.97439056625001,18.921453756581542,19.148271666843335,18.886740115246912,1112.134050782552,18279.61698413435,2.0,-0.05293680966846637,1.906911083107773,-0.2789908296850663
600007,2024-01-30,18.79676871159394,18.566796511684174,18.963254390702843,18.49532406752127,1869.6541448471432,12725.00025763474,2.0,-0.22997219990976703,1.6213496115277914,-1.223466668331774
600007,2024-01-31,18.615577900841977,19.44967371267637,19.632121443591146,18.550205756207113,1511.5524208673232,19719.07173396446,2.0,0.8340958118343913,1.8789057192348482,4.480633458049477
600007,2024-02-01,19.41928414400315,19.45639674699039,19.5556633474397,19.282880716539648,1843.5159258602012,10662.281604405016,2.0,0.037112602987239285,1.7677216999407497,0.19111210646094445
600007,2024-02-02,19.378090746048954,19.634776595533395,19.820438904646736,19.25966247668702,1914.759265489009,16652.029489404864,2.0,0.25668584948444106,1.1921585795958556,1.3246188845347229
600007,2024-02-05,19.572720809877264,19.38417333946039,19.75872269622662,19.314710414342695,1095.950034726395,10514.320777372304,2.0,-0.18854747041687503,1.269439324475744,-0.9633176309433944
600007,2024-02-06,19.48170522014658,19.21051618384232,19.60807417707726,19.058352010551047,1450.6552887907728,17159.15568820154,2.0,-0.2711890363042606,1.1135499013293149,-1.392018990328503
600007,2024-02-07,19.20621862140519,18.980356437033898,19.256947760828936,18.913534275678156,1961.4458630573185,15580.687377092901,2.0,-0.2258621843712909,1.2815604452252338,-1.1759846580084665
600007,2024-02-08,19.036657774252426,18.484140803212444,19.03881343144243,18.43875323185077,1583.4829260675515,11070.830977291798,2.0,-0.5525169710399815,1.5590109374413124,-2.9023843239293523
600007,2024-02-09,18.50727524764832,18.848648366928874,18.891241069840543,18.359768776142186,1980.3053341158084,15955.653188788423,2.0,0.34137311928055425,2.644437331273042,1.8445347287085578
600007,2024-02-12,18.787529186926985,18.618704519483646,18.831949215809107,18.509759951666013,1393.2619966561772,14575.293394372751,2.0,-0.16882466744333868,2.4809436075831495,-0.8985996283152109
600007,2024-02-13,18.545402017716846,17.921880920684195,18.72013521896589,17.896582445358934,1903.577074607154,11329.092481918604,2.0,-0.6235210970326506,1.9159863542476074,-3.362133085262786
600007,2024-02-14,17.853746506456623,17.59594554182931,18.0062096808637,17.433720666524838,1257.0195258994872,11010.366512033394,2.0,-0.2578009646273145,1.7685927780675432,-1.4439600368140293
600007,2024-02-15,17.530002187231716,18.878699987488517,18.96398222001796,17.437415947109194,2004.3440677854896,13364.29675865049,2.0,1.3486978002568009,2.1496841265032973,7.693654489325441
600007,2024-02-16,18.843254775183382,17.887255509497106,18.84488883414185,17.84068644881082,1840.7780793670486,12887.492794623478,2.0,-0.9559992656862768,1.640877486989374,-5.0734296016913705
600007,2024-02-19,17.904449735346482,17.15904674229447,17.92992218288335,17.13249070261299,1221.6866832354967,14881.97469855494,2.0,-0.7454029930520107,1.2250994496668635,-4.163227600234243
600007,2024-02-20,17.097072765196145,17.802025259233677,17.906928798761513,17.056787703818852,1743.5777215182388,10422.018119892786,2.0,0.7049524940375314,2.3339513812272727,4.123235033967787
600007,2024-02-21,17.957554276609745,18.334765119056037,18.414819266402247,17.888100064502083,1882.0828391582208,14003.889151778953,2.0,0.3772108424462921,2.2622927458713304,2.1005691345041377
600007,2024-02-22,18.382458020776117,17.575236633917985,18.39753158167172,17.44229957163216,1238.429634332232,13398.317580457773,2.0,-0.8072213868581315,1.030313118885724,-4.391259242620316
600007,2024-02-23,17.585937614639658,16.932871916853504,17.597761376170677,16.825860282153712,1903.137978520503,17790.15361259883,2.0,-0.653065697786154,2.6107993928842657,-3.713567693100994
600007,2024-02-26,17.062049832155562,16.830762033378743,17.182338980145666,16.68276669324993,1078.7848090853727,12669.32931755988,2.0,-0.23128779877681893,1.5930648993610357,-1.3555686511999787
600007,2024-02-27,16.745858192012072,15.556371323289895,16.84350729084503,15.425400859508322,1334.2415284534425,16231.969821649378,2.0,-1.1894868687221773,1.0241209171979744,-7.103170557658089
600007,2024-02-28,15.4220754707644,15.230300967242114,15.575333498497505,15.1864504254721,1792.3120598468606,15926.02006663533,2.0,-0.19177450352228576,2.290187777475875,-1.2435064520714634
600007,2024-02-29,15.185401821591785,15.331303582900615,15.477595835012666,15.10822026521206,1961.7143345659238,15257.127449744921,2.0,0.1459017613088296,2.588406815172087,0.9608027698112975
600007,2024-03-01,15.43468842562751,15.085263812607103,15.437049593674988,15.059014408694585,1385.0546048583976,18586.87265121624,2.0,-0.34942461302040684,2.9820380138379345,-2.2638915887685074
600007,2024-03-04,15.13048878969169,15.322043484817806,15.389395552551537,15.127447428019597,2013.7148185972544,19112.401316952863,2.0,0.19155469512611667,1.6012178632343208,1.2660178913494358
600007,2024-03-05,15.382539171760712,14.867560310772731,15.52055707029465,14.749138455567543,1148.104943100409,19918.38530625817,2.0,-0.5149788609879806,2.5225970257081816,-3.3478143968154517
600007,2024-03-06,14.93278091904343,14.969145751944472,15.09398793735392,14.890321689080135,1392.138236452171,18720.281768259418,2.0,0.03636483290104131,1.811771787820144,0.24352351446250697
600007,2024-03-07,15.079808563832295,15.166825229300647,15.18298823829271,14.972087145145464,1954.511692711204,17443.636268734583,2.0,0.08701666546835263,1.5032831138939162,0.5770409160037682
600007,2024-03-08,15.14665016007713,15.809854009766967,15.898086642356333,15.144362067348263,1931.036672522851,19287.510531869793,2.0,0.6632038496898378,2.502337227102422,4.378551314520229
600007,2024-03-11,15.726828249071193,16.579343210375143,16.7065572495096,15.590823985483246,1516.4226413423721,18306.802258616714,2.0,0.8525149613039495,1.497577361164777,5.420768560591971
600007,2024-03-12,16.579776784581515,15.634902139769483,16.738282637175853,15.532149755228547,1169.145124675228,14935.548721762607,2.0,-0.9448746448120318,1.984083895267798,-5.698958780257679
600007,2024-03-13,15.597521851793644,15.479295582291197,15.632903996552448,15.469105408048701,1722.0820343275523,17280.64475912671,2.0,-0.11822626950244697,2.363582606338846,-0.7579811115241419
600007,2024-03-14,15.574234054279145,16.108678599663868,16.24746412766228,15.440711413686666,1477.6670493291742,12526.111736918047,2.0,0.5344445453847229,2.592505846083222,3.431594411141403
600007,2024-03-15,16.007759638744673,14.981547900255878,16.07521496097496,14.927246725250445,1363.0590020677582,19385.25457985905,2.0,-1.0262117384887954,2.7697746687442555,-6.410714313856792
600007,2024-03-18,15.024670175548843,15.23958173927041,15.391621646258033,15.005631907566718,1220.9114389918218,15685.984600783004,2.0,0.21491156372156617,1.0700680295554237,1.430391224636085
600007,2024-03-19,15.116873939177962,15.381585970731244,15.519299407678357,15.071936131172603,1815.8709347847544,14855.839845312668,2.0,0.26471203155328205,1.6396618330651642,1.7511029900648678
600007,2024-03-20,15.392942358248474,15.34727957577146,15.488386364724807,15.279847472398362,1808.2662896170839,10778.200756466314,2.0,-0.04566278247701483,1.5289769373948843,-0.29664752465304867
600007,2024-03-21,15.356632966471867,14.954037315147483,15.479790473891638,14.828537863910672,2013.3045728020525,13059.8857226829,2.0,-0.40259565132438446,2.322814570601233,-2.6216401225670483
600007,2024-03-22,14.936130860551662,14.645244169466656,15.003349179131776,14.566623431330644,1222.2646259602866,16674.67565226706,2.0,-0.29088669108500653,2.415372558232127,-1.9475371085109994
600007,2024-03-25,14.741544634729479,14.597958612310274,14.875573265178776,14.56004006570026,1983.7762621179454,10331.993320958974,2.0,-0.14358602241920515,1.8322875318545762,-0.9740229126392386
600007,2024-03-26,14.5810316858116,15.107804460330911,15.131624124417938,14.457360979242182,1327.6347118487154,13316.374489126469,2.0,0.5267727745193103,2.2860484475235325,3.6127263548291877
600007,2024-03-27,15.165276841576443,15.026651419401505,15.195027215215008,14.9347256922875,1326.1715825982496,11070.339244993516,2.0,-0.1386254221749379,1.4955844207228268,-0.9140975375727334
600007,2024-03-28,15.032374894690113,15.453507010668996,15.574906138779166,14.925289292648268,1533.13720254391,10501.499768699134,2.0,0.42113211597888345,2.281737042251163,2.801500886780306
600007,2024-03-29,15.640340640599367,15.024452318176968,15.776361064014276,14.940893532730536,1828.4757164819998,17862.170560647617,2.0,-0.6158883224223999,1.6132939214807966,-3.9378191087710124
600007,2024-04-01,14.996686291567862,14.577750222919041,15.114172691290738,14.502626691126274,1535.8924944496657,17815.10392559773,2.0,-0.4189360686488204,1.0384743326615549,-2.7935242526502257
600007,2024-04-02,14.60756261959957,14.051144415911557,14.662894834880715,14.016070723563196,1739.3216992000334,13156.097167914013,2.0,-0.556418203688013,1.5927160286589592,-3.8091105147236792
600007,2024-04-03,14.091157973557438,14.314934965989272,14.355007565766565,14.081380712452566,1454.840026915901,20056.818510739107,2.0,0.22377699243183358,1.6526900546385006,1.5880667355497646
600007,2024-04-04,14.290707732089984,13.539270327178755,14.33894513577076,13.529009719381524,1524.8759456643743,11132.044410356206,2.0,-0.7514374049112291,1.6540303846655577,-5.258223868254374
600007,2024-04-05,13.45952698247345,13.451247730038629,13.465870574124867,13.431635768368801,1724.3365934023852,14077.895377335766,2.0,-0.008279252434821416,2.1884390977322754,-0.06151220949742742
